"species","longitude","latitude","ID","Bio3","Bio4","Bio7","Bio9","Bio13","Bio14","Bio15","Bio18","Settlement_dist","River_dist","Road_dist"
"elephant",36.01758333,-3.76845,1,70.7825164794922,157.515640258789,16.4000015258789,19.9833335876465,152,1,91.0094604492188,336,9998.9306640625,0,0
"elephant",35.93451667,-3.4733,2,70.5246887207031,150.923309326172,16.2000007629395,20.3333339691162,153,0,93.7498397827148,319,2062.4970703125,2612.67944335938,0.0166666675359011
"elephant",35.99926667,-3.74405,3,71.2121276855469,157.340576171875,16.5,20.0499992370605,158,2,89.3076171875,346,7904.65185546875,921.4814453125,0.0117851132526994
"elephant",35.97661667,-3.77951667,4,71.1145095825195,156.845687866211,16.3000011444092,20.1166667938232,151,1,91.0357284545898,331,5629.9521484375,921.482299804688,0
"elephant",35.98123333,-3.85813333,5,70.5128173828125,157.881332397461,15.6000003814697,19.7999992370605,152,1,90.9784851074219,340,5830.55029296875,2915.28564453125,0.0263523142784834
"elephant",35.95715,-3.64528333,6,70.565299987793,157.910125732422,17.0999984741211,20.4333324432373,148,1,90.0307998657227,237,4136.4833984375,0,0.0117851132526994
"elephant",35.95245,-3.61455,7,71.0059204101562,155.969604492188,16.8999996185303,20.466667175293,158,1,92.9768676757812,232,4136.54345703125,0,0.030046259984374
"elephant",36.01208333,-3.53448333,8,71.1616134643555,151.604415893555,16.5,20.2666664123535,156,1,93.1180801391602,233,10350.36328125,921.477294921875,0.025000000372529
"elephant",35.99478333,-3.55121667,9,71.1616134643555,150.702270507812,16.5,20.3666667938232,157,1,93.6138381958008,231,11057.7431640625,921.477661132812,0.0263523142784834
"elephant",36.10433333,-3.68111667,10,71.5151443481445,161.686187744141,16.5,19.6333332061768,159,1,92.3877868652344,249,4699.482421875,925.771911621094,0
"elephant",36.00186667,-3.526,11,71.3922805786133,150.883117675781,16.3999996185303,20.2333335876465,156,1,93.3682403564453,235,10525.689453125,2062.466796875,0.0186339002102613
"elephant",35.9978,-3.65321667,12,70.611442565918,159.32861328125,16.8999996185303,20.25,149,1,90.6470794677734,322,0,921.479675292969,0.00833333376795053
"elephant",35.97036667,-3.63983333,13,70.5392150878906,158.378997802734,17,20.3500003814697,160,2,88.2638320922852,343,3333.23315429688,1842.95812988281,0.0186339002102613
"elephant",35.9702,-3.58473333,14,70.6586837768555,154.865539550781,16.7000007629395,20.3833332061768,154,1,90.9048919677734,326,7217.08056640625,0,0.0527046285569668
"elephant",36.11498333,-3.68633333,15,71.7171783447266,162.317489624023,16.5,19.7666664123535,157,1,92.1632995605469,337,4124.7939453125,0,0
"elephant",36.01993333,-3.61515,16,70.882942199707,157.89990234375,16.7999992370605,20.1499996185303,151,1,91.7936630249023,233,5379.787109375,1851.67980957031,0.00833333376795053
"elephant",35.92051667,-3.54996667,17,70.2898559570312,157.167175292969,16.0999984741211,20.283332824707,159,2,90.1710739135742,332,9214.7822265625,921.477294921875,0.0768295377492905
"elephant",35.9321,-3.48286667,18,70.1863327026367,154.926681518555,16.0999984741211,20.25,146,1,91.454833984375,311,3327.42260742188,2062.48706054688,0.0235702265053988
"elephant",35.95215,-3.48525,19,71.3701400756836,148.981399536133,16.2999992370605,20.5,151,1,92.9631881713867,318,3800.43286132812,0,0.0166666675359011
"elephant",35.93508333,-3.7857,20,70.7304458618164,157.438690185547,16.2000007629395,20.1499996185303,161,2,88.5386505126953,350,2062.36450195312,0,0
"elephant",35.92828333,-3.86606667,21,68.2777786254883,165.604385375977,15.0000009536743,19.8666667938232,143,1,90.934814453125,325,5379.40234375,921.483947753906,0
"elephant",35.96673333,-3.844,22,70.6475524902344,157.832748413086,15.7000007629395,19.9166660308838,150,1,90.8576965332031,334,6710.7431640625,1842.96691894531,0.025000000372529
"elephant",35.91875,-3.86396667,23,67.4549560546875,168.29133605957,14.8000001907349,19.783332824707,132,1,89.3329544067383,312,5910.53515625,0,0
"elephant",36.04978333,-3.55875,24,71.5863494873047,155.180725097656,16.5999984741211,20.1000003814697,163,1,91.5688095092773,245,6546.43505859375,2612.57690429688,0
"elephant",36.08246667,-3.542,25,71.8875503540039,153.856964111328,16.5999984741211,20.1499996185303,148,1,92.3493118286133,231,2926.55883789062,921.477478027344,0
"elephant",36.06476667,-3.53583333,26,71.8686904907227,153.407623291016,16.5,20.2333335876465,152,1,93.7641906738281,229,4982.86376953125,0,0.00833333376795053
"elephant",36.08961667,-3.5067,27,71.2264099121094,153.861282348633,15.9000005722046,19.75,171,2,91.1397171020508,251,5830.73876953125,1851.89562988281,0.0263523142784834
"elephant",36.05941667,-3.59321667,28,71.6765899658203,157.250869750977,16.7999992370605,20.1333332061768,150,1,91.6570892333984,233,3816.32446289062,1851.71350097656,0.00833333376795053
"elephant",36.0195,-3.75605,29,71.2678909301758,157.905303955078,16.2999992370605,19.8833332061768,154,1,90.6503982543945,339,9110.3125,1842.96374511719,0.00833333376795053
"elephant",35.91355,-3.81163333,30,69.3010787963867,161.434707641602,15.5,20.0166664123535,153,2,86.3195190429688,346,4965.4267578125,1306.10046386719,0.00833333376795053
"elephant",35.93828333,-3.79876667,31,70.2160415649414,158.560653686523,16.2000007629395,20.1333332061768,152,2,89.3485870361328,336,2915.3017578125,921.482482910156,0
"elephant",36.02735,-3.8192,32,71.2215347290039,156.59733581543,16.1000003814697,19.533332824707,147,1,91.305290222168,338,9930.75390625,2612.20703125,0
"elephant",36.04928333,-3.86246667,33,71.4285736083984,157.602783203125,16.0999984741211,19.75,146,1,92.1661682128906,333,7215.767578125,1306.0693359375,0
"elephant",36.03378333,-3.74746667,34,71.1145172119141,160.276153564453,16.2999992370605,19.8333339691162,150,1,91.5936126708984,331,7045.02587890625,1306.15551757812,0
"elephant",36.09796667,-3.48543333,35,70.6451644897461,155.043960571289,15.5,19.2666664123535,180,2,92.7991790771484,371,7429.7353515625,2062.48364257812,0.0416666679084301
"elephant",36.11936667,-3.46245,36,70.3225784301758,153.583465576172,15.5,18.7000007629395,190,2,94.1239395141602,389,7838.00439453125,2777.96533203125,0.0416666679084301
"elephant",36.11858333,-3.47318333,37,70.4883270263672,153.022567749023,15.6999988555908,18.8999996185303,182,1,95.5302734375,260,7217.6083984375,2764.42846679688,0.0353553406894207
"elephant",36.07806667,-3.50076667,38,71.4884643554688,153.746154785156,15.9000005722046,19.8166656494141,172,1,93.3664398193359,248,6187.41015625,2062.47680664062,0.025000000372529
"elephant",35.97073333,-3.57518333,39,70.8835296630859,154.66975402832,16.6000003814697,20.3666667938232,153,1,90.8537139892578,323,7837.52197265625,0,0.0506896860897541
"elephant",35.95306667,-3.86993333,40,70.3525619506836,160.077514648438,15.6000003814697,19.9166660308838,147,1,90.0507202148438,334,3685.93823242188,2062.32788085938,0
"elephant",36.00626667,-3.69298333,41,70.9073028564453,158.957305908203,16.8999996185303,20.216667175293,156,2,90.8797836303711,335,4699.4853515625,925.754699707031,0.00833333376795053
"elephant",36.00403333,-3.62761667,42,70.858283996582,157.917297363281,16.7000007629395,20.2000007629395,148,1,90.5556182861328,319,2915.34008789062,1842.95788574219,0.00833333376795053
"elephant",36.01703333,-3.54266667,43,70.9839324951172,152.588775634766,16.6000003814697,20.3166675567627,155,1,93.7098999023438,229,9304.7646484375,0,0.0166666675359011
"elephant",35.96296667,-3.74788333,44,71.0578842163086,157.754135131836,16.7000007629395,20.216667175293,165,3,87.3298721313477,364,4620.86083984375,2612.31713867188,0
"elephant",36.06126667,-3.70568333,45,71.5361404418945,162.230560302734,16.5999984741211,19.7999992370605,156,1,92.2503814697266,339,3800.39697265625,1851.4921875,0.00833333376795053
"elephant",35.9883,-3.53958333,46,71.1616134643555,151.319320678711,16.5,20.3500003814697,156,1,92.4365844726562,234,10312.41796875,2612.58837890625,0.0353553406894207
"elephant",35.99493333,-3.58443333,47,70.7329330444336,155.857223510742,16.5999984741211,20.2666664123535,151,1,91.0683135986328,230,7371.83154296875,921.478149414062,0.030046259984374
"elephant",36.01613333,-3.71183333,48,70.8829345703125,160.851776123047,16.8000011444092,20.0833339691162,153,1,92.8957138061523,331,6530.95849609375,2612.34130859375,0
"elephant",35.98221667,-3.6496,49,70.9072952270508,157.499404907227,16.9000015258789,20.3500003814697,152,1,90.5992813110352,326,2068.21899414062,1842.95922851562,0.00833333376795053
"elephant",36.10173333,-3.61415,50,71.5277786254883,157.210540771484,16.7999992370605,19.7666664123535,156,1,92.068244934082,336,1306.25073242188,925.839904785156,0
"elephant",36.06773333,-3.68508333,51,71.4859466552734,161.144119262695,16.5999984741211,19.716667175293,159,1,91.3685531616211,341,2612.40112304688,3333.10595703125,0.00833333376795053
"elephant",35.92563333,-3.78181667,52,70.7304611206055,157.55891418457,16.1999988555908,20.2000007629395,166,3,87.6408157348633,362,921.482116699219,0,0
"elephant",36.07108333,-3.67386667,53,71.6365432739258,160.99772644043,16.5999984741211,19.8333339691162,175,2,89.8400344848633,371,1851.56091308594,2915.33569335938,0.00833333376795053
"elephant",35.92596667,-3.52173333,54,70.0828170776367,155.626800537109,16.1000003814697,20.3500003814697,156,1,92.1270904541016,325,7600.8603515625,0,0.053359366953373
"elephant",35.94965,-3.58566667,55,70.9839324951172,155.896728515625,16.6000003814697,20.3999996185303,155,1,91.504768371582,325,5379.82373046875,0,0.0448763743042946
"elephant",35.86578333,-3.41915,56,67.8970947265625,160.139602661133,14.8999996185303,19.8999996185303,135,1,91.1290130615234,297,4699.51171875,0,0.0117851132526994
"elephant",35.85085,-3.4009,57,68.9692993164062,156.495727539062,15.2000007629395,20.0166664123535,137,1,91.9923324584961,292,2764.42309570312,921.474548339844,0
"elephant",35.93265,-3.52855,58,70.1863327026367,155.351516723633,16.1000003814697,20.3666667938232,152,1,92.1293640136719,321,8497.533203125,921.476989746094,0.0589255653321743
"elephant",35.93496667,-3.8768,59,68.7637939453125,163.447692871094,15.1000003814697,19.8500003814697,141,1,89.568733215332,326,3326.95776367188,925.560363769531,0
"elephant",35.92411667,-3.92338333,60,70.1525115966797,160.720443725586,15.2999992370605,20.0166664123535,144,1,90.1310501098633,332,4135.4482421875,0,0.00833333376795053
"elephant",35.9244,-3.84241667,61,68.1869354248047,166.384796142578,14.8000001907349,19.8166656494141,143,1,90.138557434082,326,7437.32470703125,921.483764648438,0
"elephant",36.01095,-3.55206667,62,70.9839324951172,152.628494262695,16.6000003814697,20.3500003814697,159,1,94.0694961547852,230,10184.8828125,0,0.0117851132526994
"elephant",36.00783333,-3.66125,63,70.7593688964844,158.804122924805,16.8999996185303,20.2666664123535,151,1,91.3685455322266,323,1306.21545410156,0,0.00833333376795053
"elephant",36.16786667,-3.70598333,64,71.3701400756836,161.576049804688,16.2999992370605,19.533332824707,160,1,92.2621383666992,344,7600.77685546875,0,0.025000000372529
"elephant",35.99288333,-3.75065,65,71.4430847167969,156.275299072266,16.4000015258789,20.0499992370605,153,1,90.4657974243164,338,7631.35107421875,1842.96301269531,0.00833333376795053
"elephant",36.06983333,-3.55681667,66,71.7871475219727,153.442810058594,16.6000003814697,20.0666656494141,149,1,92.4572219848633,235,3703.59375,921.477478027344,0
"elephant",36.08921667,-3.48768333,67,70.6709899902344,153.583465576172,15.4000005722046,19.3999996185303,181,2,91.9799880981445,257,7600.84912109375,2612.65698242188,0.0416666679084301
"elephant",36.07326667,-3.51763333,68,71.3414611816406,154.284759521484,16.4000015258789,20.0833320617676,154,1,92.4921646118164,234,5225.19970703125,0,0.00833333376795053
"elephant",36.0523,-3.50596667,69,71.3541641235352,152.628494262695,16,19.9500007629395,161,1,94.2847213745117,236,7837.833984375,0,0.00833333376795053
"elephant",35.99836667,-3.63966667,70,70.5357131958008,157.910125732422,16.7999992370605,20.2333335876465,149,1,91.1034774780273,321,1842.95886230469,2764.43701171875,0
"elephant",35.98338333,-3.67791667,71,70.6862716674805,159.064498901367,17,20.3166675567627,151,1,91.5069046020508,327,2915.33349609375,921.480041503906,0.00833333376795053
"elephant",36.04635,-3.67455,72,71.5773773193359,161.068298339844,16.8000011444092,20,158,1,91.3014068603516,339,925.780456542969,2062.40771484375,0.00833333376795053
"elephant",36.092,-3.61565,73,71.4781723022461,158.048583984375,16.7999992370605,19.8500003814697,153,1,91.3986968994141,331,921.478637695312,1851.67980957031,0.00833333376795053
"elephant",36.10181667,-3.59508333,74,71.4990158081055,157.854934692383,16.8999996185303,20.0666675567627,150,1,91.6014938354492,236,1306.25659179688,921.478332519531,0.00833333376795053
"elephant",36.09,-3.5771,75,71.726188659668,155.168533325195,16.7999992370605,20.033332824707,150,1,92.0048904418945,235,2915.35327148438,921.477966308594,0
"elephant",36.14138333,-3.53585,76,71.4071884155273,154.882049560547,16.7000007629395,19.6166667938232,157,1,93.5893402099609,243,4136.8115234375,1851.82995605469,0.0166666675359011
"elephant",36.13871667,-3.54565,77,71.7065887451172,153.713485717773,16.7000007629395,19.7000007629395,152,1,92.472038269043,242,3816.5185546875,1306.29138183594,0.0117851132526994
"elephant",36.15656667,-3.5191,78,71.6365509033203,154.705856323242,16.5999984741211,19.6000003814697,163,1,93.5134048461914,346,2068.45727539062,0,0.0186339002102613
"elephant",36.03376667,-3.6561,79,71.3510894775391,160.729263305664,16.8999996185303,20.1333332061768,154,1,91.40380859375,330,2612.42504882812,2068.21899414062,0
"elephant",35.93048333,-3.74958333,80,71.2626266479492,157.486785888672,16.5,20.2999992370605,148,2,89.3564605712891,332,2764.4453125,1851.4052734375,0
"elephant",35.91341667,-3.84745,81,67.1201782226562,170.451736450195,14.7000007629395,19.75,134,1,89.7616882324219,316,7938.744140625,921.483581542969,0
"elephant",35.91775,-3.52596667,82,69.8958282470703,157.622024536133,16,20.2666664123535,157,1,93.0807037353516,326,8746.13671875,0,0.0650854110717773
"elephant",35.9085,-3.52871667,83,69.601676940918,159.35954284668,15.8999996185303,20.1833324432373,157,1,90.4602966308594,332,9082.759765625,925.923217773438,0.0666666701436043
"elephant",35.95861667,-3.66443333,84,70.7114944458008,158.465057373047,17.1000003814697,20.3999996185303,147,1,90.9708023071289,322,3816.09497070312,0,0
"elephant",35.98771667,-3.6609,85,70.5882339477539,160.018936157227,17,20.2999992370605,148,1,90.9054565429688,322,1306.21545410156,0,0
"elephant",35.95256667,-3.67683333,86,70.808967590332,157.904724121094,17.1000003814697,20.3999996185303,146,1,90.6040191650391,320,2612.38940429688,0,0
"elephant",35.92895,-3.79576667,87,70.4451293945312,159.137710571289,16.1000003814697,20.1333332061768,155,2,87.6637268066406,344,2764.44702148438,921.482482910156,0
"elephant",36.01668333,-3.67971667,88,70.9073028564453,160.678009033203,16.8999996185303,20.1666660308838,152,1,91.3111190795898,327,3816.02856445312,0,0
"elephant",35.97623333,-3.68433333,89,70.8333358764648,158.617965698242,17,20.3333339691162,149,1,91.5837020874023,324,4124.822265625,0,0
"elephant",35.978,-3.56193333,90,71.2121200561523,151.737411499023,16.5,20.3666667938232,156,1,93.0574645996094,233,9815.6044921875,1842.95581054688,0.0416666679084301
"elephant",35.96233333,-3.54231667,91,71.2906494140625,151.469436645508,16.3999996185303,20.4500007629395,157,1,92.9039535522461,230,10304.017578125,1851.81335449219,0.0589255653321743
"elephant",35.92566667,-3.55738333,92,70.3987655639648,155.862121582031,16.2999992370605,20.3500003814697,158,1,92.2093887329102,327,8344.82421875,921.477478027344,0.0750000029802322
"elephant",35.99023333,-3.57211667,93,70.7831344604492,153.479843139648,16.6000003814697,20.3500003814697,154,1,92.7452697753906,325,9261.1796875,921.477966308594,0.0333333350718021
"elephant",36.01968333,-3.63883333,94,71.1309585571289,158.291046142578,16.7999992370605,20.1666679382324,152,1,91.0710678100586,327,3333.23315429688,3327.228515625,0
"elephant",36.04956667,-3.65318333,95,71.7758026123047,159.802764892578,16.7999992370605,20.1000003814697,159,2,90.8117599487305,338,2062.41479492188,1306.22143554688,0.00833333376795053
"elephant",36.03686667,-3.64573333,96,71.8254013061523,159.114486694336,16.7999992370605,20.1499996185303,165,2,90.3636322021484,348,3327.21948242188,1851.61218261719,0
"elephant",36.11741667,-3.50503333,97,71.4506149291992,152.675003051758,16.2000007629395,19.5666675567627,167,1,93.2802047729492,248,5631.5595703125,0,0.0117851132526994
"elephant",35.9532,-3.72005,98,70.784309387207,159.152572631836,17,20.2999992370605,163,2,88.977424621582,357,3327.16479492188,1306.17370605469,0.00833333376795053
"elephant",35.93246667,-3.77376667,99,71.2963027954102,157.383911132812,16.1999988555908,20.2000007629395,154,2,88.9245910644531,341,0,921.482116699219,0
"elephant",35.9458,-3.7531,100,71.3636322021484,157.842361450195,16.5,20.2666664123535,149,2,87.6155624389648,333,2612.28076171875,2764.44580078125,0
"elephant",35.9233,-3.76755,101,70.5010299682617,158.307205200195,16.2999992370605,20.2333335876465,155,2,88.2413101196289,343,925.676330566406,921.482116699219,0
"elephant",35.94695,-3.52536667,102,70.9876556396484,152.434799194336,16.2000007629395,20.4333343505859,156,1,93.1140365600586,325,8293.287109375,1842.95446777344,0.0485912673175335
"elephant",36.00368333,-3.59083333,103,70.7831344604492,154.579071044922,16.5999984741211,20.25,150,1,91.0607528686523,320,7429.7392578125,1306.26831054688,0.0235702265053988
"elephant",35.96755,-3.76176667,104,71.3414611816406,157.60758972168,16.3999996185303,20.1333332061768,157,2,89.78125,343,4719.23876953125,2612.2685546875,0
"elephant",36.00331667,-3.8377,105,70.7537155151367,155.993270874023,15.6999998092651,19.6833343505859,150,1,91.935676574707,338,7429.74853515625,2612.18237304688,0
"elephant",35.9457,-3.6469,106,71.1538391113281,156.429748535156,16.9000015258789,20.4166660308838,150,1,90.4147491455078,324,3333.25415039062,0,0.00833333376795053
"elephant",35.9814,-3.74645,107,71.6161651611328,157.290023803711,16.5,20.1333332061768,168,2,87.6598434448242,364,6204.056640625,1842.96264648438,0
"elephant",36.02593333,-3.76391667,108,70.6808929443359,159.347030639648,16.4000015258789,19.8500003814697,155,1,91.2814178466797,339,8721.8837890625,1306.13732910156,0
"elephant",36.00195,-3.53498333,109,71.1616134643555,150.59162902832,16.5,20.2666664123535,156,1,93.6084671020508,232,11262.681640625,1306.29711914062,0.0263523142784834
"elephant",36.04085,-3.54411667,110,71.4141464233398,154.137359619141,16.5,20.1666660308838,158,1,94.0940704345703,233,7464.31494140625,921.477294921875,0.0117851132526994
"elephant",36.0558,-3.52663333,111,71.9004058837891,151.619400024414,16.3999996185303,20.2333335876465,154,1,94.2499084472656,230,6205.23974609375,0,0
"elephant",35.99298333,-3.61856667,112,70.7831344604492,158.200088500977,16.5999984741211,20.25,148,1,90.620491027832,232,3685.9169921875,921.478820800781,0.0166666675359011
"elephant",36.10876667,-3.66225,113,71.7171783447266,160.835876464844,16.5,19.75,156,1,92.1126708984375,336,6545.67626953125,921.479858398438,0.00833333376795053
"elephant",35.92535,-3.54053333,114,70.1646118164062,156.16862487793,16.2000007629395,20.3500003814697,158,1,93.0411376953125,327,9399.005859375,0,0.0650854110717773
"elephant",35.95266667,-3.49501667,115,71.4212646484375,149.044311523438,16.2999992370605,20.5166664123535,150,1,93.0190048217773,317,4699.5048828125,0,0.0186339002102613
"elephant",35.90566667,-3.89921667,116,67.9617080688477,167.66389465332,14.8000011444092,19.8999996185303,121,1,90.5864562988281,299,5629.15771484375,1306.03796386719,0.00833333376795053
"elephant",35.9052,-3.84273333,117,68.0180130004883,168.284576416016,14.8000011444092,19.8333339691162,131,1,89.3786087036133,313,7836.583984375,921.483581542969,0
"elephant",36.09771667,-3.4723,118,69.8123626708984,154.426467895508,15.0999994277954,18.7333335876465,186,1,95.2762908935547,381,9261.169921875,3327.40551757812,0.053359366953373
"elephant",36.0756,-3.73353333,119,70.9611434936523,160.751083374023,16.2999992370605,19.7333335876465,159,1,92.5358428955078,342,2612.32934570312,2777.13403320312,0.00833333376795053
"elephant",36.06251667,-3.55043333,120,71.6365509033203,154.979827880859,16.5999984741211,20.1000003814697,153,1,93.4453887939453,234,4629.4921875,921.477478027344,0
"elephant",35.9782,-3.7571,121,71.2626266479492,158.163589477539,16.5,20.1000003814697,160,2,89.2994918823242,349,5851.8818359375,2612.30493164062,0
"elephant",36.00241667,-3.6141,122,70.4590835571289,158.053970336914,16.7000007629395,20.2000007629395,150,1,91.1366729736328,233,4699.4892578125,0,0.0186339002102613
"elephant",35.9431,-3.57916667,123,71.1111068725586,153.531661987305,16.5,20.4333343505859,151,1,91.1714324951172,321,6187.31787109375,0,0.0527046285569668
"elephant",35.98878333,-3.5938,124,70.8835296630859,155.517227172852,16.6000003814697,20.3333339691162,151,1,90.0571746826172,234,6516.4541015625,921.478515625,0.0416666679084301
"elephant",35.99135,-3.5274,125,71.0606079101562,150.626846313477,16.5,20.3500003814697,157,1,93.9166717529297,233,9498.0478515625,1842.95373535156,0.030046259984374
"elephant",36.00546667,-3.54411667,126,71.5955276489258,150.832916259766,16.3999996185303,20.3666667938232,158,1,93.5625991821289,230,11148.974609375,921.477478027344,0.0235702265053988
"elephant",36.05335,-3.53633333,127,71.7676773071289,152.813873291016,16.5,20.2333335876465,152,1,93.4019165039062,228,5853.14111328125,0,0.00833333376795053
"elephant",35.93646667,-3.64473333,128,70.7593688964844,158.680038452148,16.9000015258789,20.3666667938232,149,1,90.790885925293,323,2612.46044921875,0,0
"elephant",36.02063333,-3.7228,129,71.0079803466797,159.608306884766,16.7000007629395,20.0666656494141,153,1,92.9273529052734,331,6654.35693359375,2612.32934570312,0
"elephant",35.95788333,-3.70205,130,70.7115020751953,159.793319702148,17.1000003814697,20.3666667938232,151,2,89.8186950683594,334,2068.12744140625,925.74609375,0
"elephant",35.97613333,-3.6316,131,70.8829345703125,157.698287963867,16.7999992370605,20.3333339691162,150,1,90.8202209472656,323,3327.23754882812,1306.23901367188,0.0186339002102613
"elephant",35.9798,-3.62325,132,70.7341232299805,156.87043762207,16.7999992370605,20.3500003814697,150,1,90.4851379394531,323,4124.8505859375,921.478820800781,0.0235702265053988
"elephant",35.96188333,-3.71275,133,70.5165634155273,159.380325317383,17.1000003814697,20.3166656494141,162,2,88.4566268920898,354,3333.08447265625,0,0
"elephant",35.99895,-3.66345,134,70.8579864501953,157.813537597656,16.8999996185303,20.2999992370605,150,1,91.2992706298828,323,921.479675292969,0,0.00833333376795053
"elephant",35.96295,-3.61251667,135,71.2797546386719,156.400680541992,16.8000011444092,20.4333324432373,153,1,91.6050720214844,232,4982.515625,0,0.0372678004205227
"elephant",35.96225,-3.634,136,71.0552215576172,156.758728027344,16.9000015258789,20.4333324432373,158,2,88.6397476196289,340,4136.453125,925.814575195312,0.0235702265053988
"elephant",35.88756667,-3.80141667,137,70.9349594116211,156.58039855957,16.4000015258789,20.3833332061768,146,1,89.4492263793945,329,3815.52172851562,921.482849121094,0
"elephant",36.01378333,-3.69915,138,70.7593688964844,160.455673217773,16.8999996185303,20.1499996185303,156,1,91.6660461425781,335,4965.505859375,1842.96057128906,0.0117851132526994
"elephant",35.9773,-3.51056667,139,71.3414611816406,149.580215454102,16.3999996185303,20.3999996185303,158,1,94.3146591186523,233,7438.078125,0,0.0235702265053988
"elephant",35.93063333,-3.57088333,140,70.7317047119141,155.634094238281,16.3999996185303,20.3500003814697,153,1,91.60205078125,324,6516.4541015625,1306.27404785156,0.058333333581686
"elephant",35.9655,-3.56028333,141,71.4939041137695,152.739501953125,16.3999996185303,20.4166660308838,151,1,91.7088165283203,231,8704.79296875,1842.95581054688,0.058333333581686
"elephant",35.95665,-3.5034,142,71.3190155029297,149.156097412109,16.2999992370605,20.533332824707,150,1,92.4336471557617,318,5605.85791015625,0,0.0235702265053988
"elephant",35.92118333,-3.51193333,143,69.7916641235352,157.934112548828,16,20.2666664123535,150,1,90.63916015625,319,7023.0517578125,0,0.0506896860897541
"elephant",35.91545,-3.4614,144,69.3396224975586,158.201904296875,15.8999996185303,20.1499996185303,150,1,91.1343154907227,229,3816.86694335938,2612.71313476562,0
"elephant",35.95541667,-3.5136,145,71.4723892211914,150.330459594727,16.2999992370605,20.5,153,1,93.2269058227539,323,6516.4541015625,0,0.030046259984374
"elephant",36.00996667,-3.778,146,71.2448501586914,157.12077331543,16.2000007629395,20.033332824707,148,1,90.9390716552734,327,9302.4697265625,0,0
"elephant",35.93285,-3.91721667,147,70.5337677001953,159.351791381836,15.3000011444092,20,145,1,90.5188674926758,333,3332.53442382812,921.485412597656,0
"elephant",35.96566667,-3.8337,148,70.3354263305664,158.420227050781,15.8999996185303,19.9833335876465,148,1,89.7957534790039,331,7429.74853515625,921.4833984375,0.0166666675359011
"elephant",35.97026667,-3.87675,149,70.5627746582031,157.509002685547,15.3999996185303,19.7333335876465,151,1,91.2175827026367,342,3326.95776367188,3918.189453125,0.0166666675359011
"elephant",35.99701667,-3.5988,150,70.682731628418,155.402694702148,16.5999984741211,20.2666664123535,149,1,90.4227752685547,232,6450.35302734375,921.478515625,0.0343592129647732
"elephant",36.04103333,-3.55423333,151,71.2851409912109,153.460083007812,16.5999984741211,20.1166667938232,162,1,93.9882965087891,238,7407.1875,1842.95483398438,0.00833333376795053
"elephant",36.02083333,-3.59176667,152,71.3855438232422,156.377044677734,16.5999984741211,20.1499996185303,150,1,91.4608306884766,322,7022.90283203125,925.856750488281,0.0117851132526994
"elephant",36.01883333,-3.6054,153,71.4357452392578,156.720031738281,16.5999984741211,20.1499996185303,152,1,91.4091949462891,233,6187.2861328125,1306.25659179688,0.0166666675359011
"elephant",36.01303333,-3.5969,154,71.084342956543,155.01953125,16.5999984741211,20.1499996185303,153,1,91.8335189819336,326,6710.85205078125,1306.25659179688,0.0186339002102613
"elephant",35.95408333,-3.78286667,155,71.0122680664062,158.450714111328,16.3000011444092,20.1333332061768,152,1,89.8605880737305,334,2925.90356445312,921.482299804688,0
"elephant",35.9209,-3.85516667,156,67.9617080688477,167.256729125977,14.8000001907349,19.8166675567627,136,1,89.6217727661133,319,6653.9443359375,0,0
"elephant",35.93825,-3.83846667,157,69.5887451171875,163.238998413086,15.3999996185303,19.9166660308838,151,1,90.7189712524414,333,7429.74609375,921.4833984375,0.00833333376795053
"elephant",36.0649,-3.52221667,158,71.5447158813477,152.963134765625,16.3999996185303,20.1833324432373,154,1,93.7081832885742,231,5917.64404296875,0,0.00833333376795053
"elephant",36.03781667,-3.61946667,159,71.4990158081055,158.370010375977,16.8999996185303,20.1666660308838,153,1,92.1830139160156,236,5830.67822265625,925.831481933594,0.00833333376795053
"elephant",36.13878333,-3.5218,160,71.4141387939453,154.559509277344,16.5,19.466667175293,169,1,93.0748825073242,256,3816.64624023438,1851.86279296875,0.00833333376795053
"elephant",35.89991667,-3.78628333,161,70.8841400146484,155.959274291992,16.4000015258789,20.3166656494141,149,2,89.05419921875,333,4135.95947265625,1306.12512207031,0.0117851132526994
"elephant",35.9137,-3.78553333,162,70.3933792114258,158.4345703125,16.0999984741211,20.1499996185303,147,2,88.0010452270508,333,2612.25634765625,921.482299804688,0.00833333376795053
"elephant",35.88645,-3.79066667,163,71.5656509399414,154.749938964844,16.5,20.4166660308838,150,2,88.5487365722656,335,3815.55590820312,2062.357421875,0.00833333376795053
"elephant",35.89966667,-3.79645,164,71.1145172119141,157.602172851562,16.2999992370605,20.283332824707,154,2,88.0422821044922,343,4620.77734375,921.482666015625,0.00833333376795053
"elephant",35.8947,-3.81873333,165,69.6202545166016,162.123672485352,15.7999992370605,20.1499996185303,145,2,87.200553894043,335,5390.91796875,921.483032226562,0
"elephant",35.90976667,-3.79526667,166,70.1345748901367,159.380310058594,16.0999984741211,20.1499996185303,152,2,87.4499816894531,342,3327.08129882812,1842.96484375,0
"elephant",35.98446667,-3.70815,167,70.5882339477539,159.606521606445,17,20.2666664123535,158,2,91.00439453125,339,5605.8486328125,921.480529785156,0
"elephant",35.9687,-3.52845,168,71.3414611816406,151.692474365234,16.3999996185303,20.3999996185303,151,1,91.5910415649414,323,8746.13671875,2062.4736328125,0.0416666679084301
"elephant",36.0394,-3.53385,169,71.4646453857422,152.545944213867,16.5,20.283332824707,154,1,93.4449920654297,229,7633.06884765625,0,0.0166666675359011
"elephant",36.06893333,-3.7438,170,70.6543960571289,160.91828918457,16.2999992370605,19.7333335876465,154,1,92.0440902709961,337,3918.48486328125,1851.4052734375,0
"elephant",36.02178333,-3.7034,171,71.1805572509766,160.700973510742,16.7999992370605,20.1166667938232,157,1,93.9582901000977,333,5224.77880859375,1851.4921875,0
"elephant",36.06563333,-3.72811667,172,71.2906494140625,160.766983032227,16.4000015258789,19.8166656494141,158,1,92.5757675170898,340,3815.82788085938,925.720092773438,0.00833333376795053
"elephant",36.07815,-3.78211667,173,71.1180114746094,159.834182739258,16.0999984741211,19.716667175293,158,1,92.53955078125,341,6710.79833984375,921.482299804688,0
"elephant",36.1195,-3.77546667,174,70.5450668334961,160.160903930664,15.9000005722046,19.4333343505859,158,1,92.9002990722656,346,3815.62451171875,0,0
"elephant",36.14846667,-3.68145,175,71.7369537353516,160.68684387207,16.5999984741211,19.7000007629395,157,1,92.0235290527344,246,7216.65380859375,925.771911621094,0.0186339002102613
"elephant",36.1338,-3.67991667,176,71.0079879760742,161.293884277344,16.7000007629395,19.75,158,1,92.8611679077148,338,6530.92822265625,1851.54382324219,0.0166666675359011
"elephant",36.15335,-3.7229,177,71.0634002685547,162.149383544922,16.2999992370605,19.3333339691162,165,1,92.5442810058594,353,5528.88916015625,2612.35327148438,0.0117851132526994
"elephant",36.1296,-3.7188,178,71.1382064819336,163.011428833008,16.4000015258789,19.5833339691162,162,1,92.3867950439453,345,3702.9150390625,2068.0966796875,0.00833333376795053
"elephant",35.9868,-3.81125,179,70.7291641235352,156.139495849609,16,19.9833335876465,148,1,90.8331527709961,331,7950.63330078125,921.483032226562,0.00833333376795053
"elephant",35.99946667,-3.82143333,180,70.5974884033203,156.429748535156,15.8999996185303,19.9166660308838,148,1,91.2195281982422,333,9214.83984375,925.623229980469,0.0166666675359011
"elephant",36.02863333,-3.85568333,181,71.2264175415039,155.682144165039,15.8999996185303,19.4833335876465,149,1,92.854850769043,339,6653.9443359375,2776.76220703125,0.00833333376795053
"elephant",36.02578333,-3.80341667,182,71.0905380249023,157.321319580078,16.1999988555908,19.6833343505859,152,1,92.2668075561523,339,11661.12890625,1851.28198242188,0.00833333376795053
"elephant",35.98646667,-3.83713333,183,70.5944747924805,157.571533203125,15.7000007629395,19.8333339691162,151,1,91.3076934814453,337,7429.74853515625,1842.96655273438,0.0166666675359011
"elephant",35.99321667,-3.8666,184,71.0784301757812,154.274322509766,15.3000011444092,19.6166667938232,148,1,90.9557723999023,340,4607.42236328125,4614.80810546875,0.0186339002102613
"elephant",35.94923333,-3.62938333,185,70.9566116333008,157.789535522461,16.8999996185303,20.4333324432373,155,2,89.0854721069336,333,2777.46899414062,921.47900390625,0.0166666675359011
"elephant",35.96851667,-3.69545,186,70.9313735961914,159.232894897461,17,20.3333339691162,150,2,91.2570724487305,327,3703.01879882812,921.480407714844,0
"elephant",36.09486667,-3.7218,187,70.884147644043,162.640960693359,16.3999996185303,19.5499992370605,170,2,91.6645431518555,360,0,1306.17370605469,0
"elephant",36.0766,-3.68321667,188,71.717170715332,160.861785888672,16.5,19.6333332061768,157,1,90.7154693603516,343,2926.19970703125,3703.08764648438,0.00833333376795053
"elephant",36.11188333,-3.6521,189,71.3855438232422,159.17399597168,16.5999984741211,19.716667175293,156,1,91.6275253295898,337,5830.68701171875,925.797546386719,0.00833333376795053
"elephant",36.08711667,-3.6851,190,71.5447158813477,160.84294128418,16.3999996185303,19.4333324432373,160,1,91.267692565918,346,3800.39404296875,2777.2900390625,0
"elephant",35.93606667,-3.88821667,191,68.8189849853516,163.082855224609,15.1000003814697,19.8500003814697,143,1,89.6466217041016,329,2612.08227539062,1306.05053710938,0
"elephant",35.92916667,-3.90025,192,69.2604827880859,162.613006591797,15.1000003814697,19.9166660308838,143,1,89.8576278686523,330,2776.59936523438,2062.30541992188,0.00833333376795053
"elephant",35.91211667,-3.90981667,193,69.5,163.833694458008,15.0000009536743,19.966667175293,138,1,90.0271377563477,323,4718.4931640625,921.485229492188,0
"elephant",35.96588333,-3.9075,194,70.6709976196289,156.28498840332,15.3999996185303,19.7666664123535,150,1,91.310302734375,341,925.533142089844,4620.32177734375,0.00833333376795053
"elephant",35.94515,-3.92175,195,71.1873626708984,156.893981933594,15.3000001907349,19.8999996185303,145,1,89.9192123413086,336,2062.30541992188,2067.69970703125,0
"elephant",35.971,-3.89448333,196,70.9695053100586,155.862091064453,15.2999992370605,19.6833343505859,151,1,91.5215759277344,344,2067.74853515625,4981.21826171875,0
"elephant",36.05665,-3.7829,197,70.8588943481445,158.845260620117,16.2999992370605,19.8500003814697,149,1,91.4648895263672,331,7939.11767578125,1306.12512207031,0
"elephant",36.00853333,-3.67475,198,70.5882339477539,159.243011474609,17,20.2333335876465,150,1,91.1010284423828,324,2612.42504882812,0,0
"elephant",36.00493333,-3.6839,199,71.0059204101562,159.651611328125,16.8999996185303,20.216667175293,161,2,89.5096282958984,345,3800.39965820312,1306.19165039062,0
"elephant",36.03506667,-3.68583333,200,71.4285736083984,159.694290161133,16.7999992370605,20.1000003814697,152,1,91.1644058227539,329,2612.40112304688,0,0
"elephant",36.01231667,-3.78723333,201,71.141975402832,155.31672668457,16.2000007629395,19.8999996185303,148,1,90.8156661987305,331,9438.34765625,921.482299804688,0
"elephant",35.95071667,-3.7651,202,71.2121200561523,158.685409545898,16.5,20.2000007629395,163,2,88.1377868652344,358,2925.92846679688,2062.3681640625,0
"elephant",36.02636667,-3.68131667,203,71.1045379638672,161.308547973633,16.8999996185303,20.1333332061768,153,1,91.4898452758789,327,2926.19970703125,0,0.00833333376795053
"elephant",35.95748333,-3.82866667,204,70.2083358764648,161.379013061523,16,20,151,1,90.8670806884766,333,7022.7109375,921.483215332031,0.00833333376795053
"elephant",35.99506667,-3.69011667,205,70.4411773681641,159.223373413086,17,20.283332824707,160,2,89.7078704833984,343,3685.91967773438,921.480407714844,0
"elephant",36.13918333,-3.66778333,206,71.2574844360352,161.181732177734,16.7000007629395,19.7666664123535,153,1,91.3986968994141,242,7210.6533203125,1851.56091308594,0.0166666675359011
"elephant",36.0821,-3.71661667,207,71.0101013183594,162.193756103516,16.5,19.4833335876465,163,1,93.0429000854492,351,2068.0966796875,2777.21215820312,0.00833333376795053
"elephant",36.11341667,-3.71093333,208,70.8835372924805,163.269165039062,16.5999984741211,19.716667175293,163,1,93.0930252075195,344,2068.0966796875,0,0
"elephant",35.96146667,-3.8564,209,70.2004241943359,159.987579345703,15.7999992370605,19.9166660308838,149,1,90.7961044311523,335,5605.8388671875,1851.1748046875,0.0186339002102613
"elephant",35.94515,-3.84855,210,69.6581192016602,162.046569824219,15.5999994277954,19.9333343505859,148,1,90.3432083129883,331,6516.45361328125,0,0
"elephant",35.98143333,-3.80398333,211,70.9109725952148,156.420669555664,16.1000003814697,20.033332824707,148,1,91.037727355957,331,6665.73583984375,921.482666015625,0
"elephant",35.96316667,-3.94081667,212,72.0198669433594,152.799011230469,15.1000003814697,19.6166667938232,146,1,91.4559860229492,345,3800.35595703125,2612.00610351562,0
"elephant",36.02231667,-3.56538333,213,71.084342956543,154.233184814453,16.5999984741211,20.25,159,1,93.2388610839844,235,9304.681640625,0,0
"elephant",36.00398333,-3.73393333,214,70.9337387084961,158.364608764648,16.5999984741211,20.0499992370605,157,1,91.3744125366211,340,8722.0595703125,0,0
"elephant",36.11235,-3.73695,215,70.7304534912109,161.659851074219,16.2000007629395,19.5499992370605,156,1,91.5546035766602,250,2612.32934570312,2764.44311523438,0
"elephant",36.11198333,-3.76865,216,70.4687423706055,159.137725830078,16,19.4833335876465,154,1,92.1409225463867,342,4628.3818359375,0,0
"elephant",36.15455,-3.66011667,217,71.6566848754883,158.759414672852,16.7000007629395,19.8333320617676,152,1,91.835205078125,241,9143.341796875,0,0.0186339002102613
"elephant",36.03476667,-3.76845,218,70.9611434936523,158.247970581055,16.2999992370605,19.8500003814697,151,1,91.3867034912109,334,8518.048828125,921.482116699219,0
"elephant",36.03508333,-3.80531667,219,70.8077774047852,156.603988647461,16.2999992370605,19.7333335876465,150,1,91.3387451171875,336,11264.9619140625,925.640991210938,0
"elephant",36.05931667,-3.87948333,220,70.9895858764648,158.603622436523,15.9999990463257,19.8333339691162,147,1,91.6168365478516,333,4620.40869140625,921.484313964844,0
"elephant",35.99095,-3.64506667,221,70.611442565918,158.58512878418,16.8999996185303,20.283332824707,150,1,91.1753082275391,322,1306.22143554688,1842.95922851562,0
"elephant",36.0705,-3.70548333,222,71.6161575317383,161.322662353516,16.5,19.6833324432373,160,1,92.0904083251953,344,3333.06298828125,2612.35327148438,0.0117851132526994
"elephant",36.06408333,-3.6944,223,71.5863418579102,161.903930664062,16.5999984741211,19.7999992370605,159,1,92.5961074829102,340,2915.3291015625,2068.12744140625,0
"elephant",35.95171667,-3.60486667,224,71.0813446044922,155.053146362305,16.8000011444092,20.4500007629395,157,1,92.0441970825195,328,4621.32421875,921.478637695312,0.0353553406894207
"elephant",35.94468333,-3.79003333,225,70.9876480102539,158.26953125,16.2000007629395,20.1333332061768,151,1,89.4659423828125,334,2612.25634765625,0,0
"elephant",35.96828333,-3.73163333,226,70.9821395874023,158.359848022461,16.8000011444092,19.6833324432373,171,3,87.2474746704102,370,5224.70654296875,921.481079101562,0
"elephant",35.96313333,-3.8864,227,70.6168823242188,157.371276855469,15.3999996185303,19.8000011444092,150,1,91.1484375,340,2062.31298828125,3815.17431640625,0.00833333376795053
"elephant",36.00911667,-3.75083333,228,71.4723892211914,157.758926391602,16.2999992370605,19.9333324432373,154,1,90.2146987915039,340,9438.5205078125,2062.37182617188,0
"elephant",36.0072,-3.71946667,229,71.0578842163086,158.871475219727,16.7000007629395,20.0833339691162,149,1,91.8077621459961,327,7429.74169921875,1306.16760253906,0
"elephant",35.994,-3.70461667,230,70.5392150878906,159.522842407227,17,20.2000007629395,152,1,92.0599822998047,329,5528.880859375,921.480529785156,0.00833333376795053
"elephant",35.95818333,-3.75563333,231,71.1345367431641,158.70393371582,16.6000003814697,20.216667175293,158,2,88.3757705688477,349,3332.93359375,2915.30639648438,0
"elephant",35.96151667,-3.7737,232,71.2398376464844,157.60758972168,16.3999996185303,20.1333332061768,158,2,88.522705078125,348,3702.70532226562,1842.96447753906,0
"elephant",36.01035,-3.81915,233,71.2264099121094,155.540969848633,15.9000005722046,19.7000007629395,152,1,92.4749908447266,340,9398.931640625,2776.86962890625,0
"elephant",36.03588333,-3.78685,234,71.0633926391602,158.312591552734,16.3000011444092,19.966667175293,145,1,90.8810424804688,326,9814.8720703125,0,0
"elephant",36.03398333,-3.79588333,235,71.0122680664062,158.000640869141,16.2999992370605,19.8666667938232,150,1,90.9504165649414,333,10524.5615234375,921.482482910156,0
"elephant",35.99296667,-3.68061667,236,70.3921585083008,158.663925170898,17,20.283332824707,153,1,91.1822204589844,327,2764.43969726562,921.480041503906,0
"elephant",36.08903333,-3.70043333,237,71.5447158813477,160.621429443359,16.3999996185303,19.3666667938232,167,1,92.1498565673828,357,2062.3935546875,2068.11206054688,0
"elephant",35.92166667,-3.8072,238,70.2004241943359,159.280471801758,15.8000001907349,20.0833339691162,156,2,86.8907012939453,348,3800.37963867188,1842.96594238281,0.00833333376795053
"elephant",35.92788333,-3.83106667,239,68.9935073852539,164.502807617188,15.3999996185303,19.8999996185303,148,1,89.0205459594727,331,6450.37890625,0,0
"elephant",35.93703333,-3.82615,240,69.3910293579102,162.752700805664,15.5999994277954,19.966667175293,148,1,89.8119506835938,329,6516.45361328125,0,0.00833333376795053
"elephant",35.9746,-3.83578333,241,70.6223602294922,160.143753051758,15.7999992370605,19.9333324432373,152,1,91.1311874389648,337,7600.7294921875,921.4833984375,0.025000000372529
"elephant",35.95668333,-3.84165,242,70.4402542114258,160.779357910156,15.8999996185303,19.9833335876465,147,1,89.7206954956055,330,7371.87353515625,1306.08190917969,0.00833333376795053
"elephant",35.92385,-3.90828333,243,69.1275177001953,163.565841674805,14.9000005722046,19.8999996185303,138,1,89.7454452514648,322,3702.13256835938,1842.97021484375,0
"elephant",35.94356667,-3.80775,244,70.3416137695312,158.608428955078,16.1000003814697,20.1000003814697,148,1,91.0247116088867,328,4124.7216796875,1842.96520996094,0
"elephant",35.94748333,-3.5602,245,70.8585815429688,152.858505249023,16.5,20.4500007629395,150,1,91.3616943359375,321,7877.71728515625,1306.28564453125,0.0687184259295464
"elephant",35.95725,-3.59465,246,71.2574844360352,154.894882202148,16.7000007629395,20.4333343505859,155,1,91.7702713012695,327,5224.9912109375,921.478332519531,0.0416666679084301
"elephant",35.93903333,-3.63521667,247,70.7100601196289,158.082733154297,16.9000015258789,20.3833332061768,156,2,88.620246887207,339,2068.24926757812,0,0.00833333376795053
"elephant",35.94855,-3.77401667,248,70.9857711791992,157.933502197266,16.3999996185303,20.2000007629395,153,2,88.4854431152344,340,1851.35266113281,921.482116699219,0
"elephant",35.97413333,-3.86753333,249,70.4838714599609,157.914321899414,15.5,19.7666664123535,149,1,91.0030288696289,339,4124.63330078125,3332.66918945312,0.0166666675359011
"elephant",35.96835,-3.82368333,250,70.8595428466797,158.377182006836,15.8999996185303,20.033332824707,151,1,91.3029098510742,333,7210.32666015625,0,0.0117851132526994
"elephant",35.96481667,-3.86683333,251,70.6451568603516,158.448913574219,15.5,19.8500003814697,146,1,90.1985321044922,333,3800.36181640625,2612.13256835938,0.00833333376795053
"elephant",35.99436667,-3.83006667,252,70.4113845825195,157.024291992188,15.8000011444092,19.8666667938232,152,1,92.4887771606445,337,8293.357421875,1306.09423828125,0.0117851132526994
"elephant",35.98891667,-3.85225,253,70.4059829711914,156.522323608398,15.6000003814697,19.7333335876465,149,1,90.7521896362305,337,5605.8388671875,3327.01513671875,0.0186339002102613
"elephant",36.07041667,-3.71805,254,71.2398376464844,161.871170043945,16.4000015258789,19.6833343505859,161,1,92.6943435668945,345,2777.18627929688,1851.45751953125,0.0166666675359011
"elephant",35.95011667,-3.80096667,255,70.8592071533203,157.554122924805,16.1000003814697,20.1166667938232,147,1,91.0864791870117,326,4614.91650390625,1842.96520996094,0
"elephant",35.91966667,-3.79408333,256,70.5729141235352,158.192321777344,16,20.1499996185303,156,2,87.5932388305664,346,2915.3017578125,1306.11889648438,0
"elephant",35.94831667,-3.8215,257,70.0209655761719,160.918304443359,15.8999996185303,20.0166664123535,147,1,89.848747253418,328,5830.5966796875,0,0
"elephant",35.9391,-3.8603,258,69.0241241455078,163.86604309082,15.2000007629395,19.8833332061768,148,1,90.7720031738281,332,4965.3623046875,921.483947753906,0
"elephant",35.93205,-3.84921667,259,68.5982360839844,164.971878051758,15.1000003814697,19.8666667938232,145,1,89.5918807983398,327,7022.6259765625,921.483764648438,0
"elephant",35.95501667,-3.81181667,260,70.9375,158.549301147461,16,20.1000003814697,148,1,91.1924514770508,330,5379.54638671875,921.483032226562,0.00833333376795053
"elephant",35.92255,-3.87391667,261,67.5170059204102,166.530456542969,14.7000007629395,19.8166656494141,132,1,90.2680740356445,312,5224.18994140625,921.484130859375,0
"elephant",36.04525,-3.72016667,262,71.5151519775391,162.100311279297,16.5,19.8833332061768,155,1,92.4028778076172,335,5554.37255859375,0,0
"elephant",35.9722,-3.74856667,263,71.2851409912109,158.262344360352,16.6000003814697,20.1499996185303,169,3,87.1700210571289,368,5391.1435546875,2062.3828125,0
"elephant",35.96763333,-3.7852,264,70.7566375732422,157.854965209961,16.3000011444092,20.1499996185303,148,1,90.6855697631836,327,4981.75634765625,0,0
"elephant",36.10126667,-3.74291667,265,70.4732513427734,162.121383666992,16.2000007629395,19.533332824707,160,1,92.9278030395508,344,2915.3154296875,2915.30859375,0.00833333376795053
"elephant",36.09008333,-3.79593333,266,70.7556991577148,159.522842407227,16.0999984741211,19.716667175293,157,1,92.4427032470703,342,7904.45458984375,921.482482910156,0.0117851132526994
"elephant",36.12083333,-3.66498333,267,71.3353424072266,161.021240234375,16.5999984741211,19.8333339691162,155,1,92.1706466674805,333,7022.8310546875,0,0
"elephant",36.10638333,-3.691,268,71.1345367431641,162.524475097656,16.6000003814697,19.6166667938232,160,1,92.0757827758789,247,3800.39404296875,925.763305664062,0
"elephant",36.03026667,-3.72105,269,71.3353424072266,159.090087890625,16.6000003814697,20,154,1,93.0337677001953,332,6187.20166015625,1851.45751953125,0
"elephant",35.98568333,-3.69741667,270,70.6372528076172,159.018646240234,17,20.283332824707,154,1,91.9082489013672,331,4699.4853515625,0,0
"elephant",35.9929,-3.6281,271,70.3869018554688,158.278503417969,16.7999992370605,20.25,147,1,90.5694122314453,318,2764.43798828125,1842.95788574219,0.00833333376795053
"elephant",36.08791667,-3.7292,272,70.9611434936523,162.030212402344,16.2999992370605,19.6166667938232,164,1,92.0103759765625,254,1306.16760253906,2612.34130859375,0.00833333376795053
"elephant",36.1012,-3.66866667,273,71.5151519775391,161.334396362305,16.5,19.5833339691162,158,1,92.3134918212891,341,5554.6826171875,925.780456542969,0.00833333376795053
"elephant",36.12265,-3.70801667,274,71.0578842163086,162.855667114258,16.7000007629395,19.75,160,1,92.7143325805664,340,3333.06298828125,921.480529785156,0.00833333376795053
"elephant",35.97975,-3.84748333,275,70.8867492675781,157.683883666992,15.6000003814697,19.8500003814697,151,1,91.0277862548828,337,6710.7431640625,2062.3388671875,0.025000000372529
"elephant",36.03983333,-3.75978333,276,70.9611434936523,158.247970581055,16.2999992370605,19.8500003814697,153,1,91.8228302001953,334,7950.93115234375,1842.96411132812,0
"elephant",35.99438333,-3.75966667,277,70.9349594116211,157.487380981445,16.4000015258789,20,151,1,90.9465942382812,334,7462.5546875,2062.3681640625,0
"elephant",36.01923333,-3.69048333,278,70.9073028564453,160.458618164062,16.8999996185303,20.1499996185303,154,1,91.994873046875,331,4136.33154296875,921.480224609375,0
"elephant",35.95711667,-3.62438333,279,71.2524642944336,156.177719116211,16.8999996185303,20.466667175293,152,1,90.9629058837891,324,3816.2265625,0,0.0263523142784834
"elephant",35.9787,-3.593,280,71.0843353271484,155.129470825195,16.6000003814697,20.3500003814697,154,1,91.163703918457,326,6710.85205078125,1306.25659179688,0.0448763743042946
"elephant",36.02286667,-3.73803333,281,71.0606079101562,159.451583862305,16.5,19.9166660308838,146,1,90.8063583374023,325,8249.587890625,1851.42272949219,0
"elephant",35.92001667,-3.82175,282,68.9935073852539,163.602325439453,15.3999996185303,19.9500007629395,155,2,86.7059478759766,346,5605.84326171875,0,0
"elephant",35.9519,-3.85975,283,70.276008605957,159.893432617188,15.6999988555908,19.9500007629395,148,1,90.325569152832,334,4607.42236328125,1306.0693359375,0.00833333376795053
"elephant",35.97325,-3.81085,284,70.8333358764648,158.226440429688,16,20.0499992370605,148,1,91.0548095703125,329,6530.5947265625,921.483032226562,0.00833333376795053
"elephant",35.91616667,-3.90025,285,68.6373825073242,165.686706542969,14.8000001907349,19.8833332061768,132,1,89.5635681152344,315,4627.66552734375,1306.03161621094,0
"elephant",35.98405,-3.728,286,71.1576843261719,158.326965332031,16.7000007629395,20.1499996185303,163,3,87.4100646972656,354,6666.1259765625,0,0
"elephant",35.98728333,-3.78266667,287,71.1145172119141,156.560455322266,16.3000011444092,20.1000003814697,152,1,91.0021438598633,332,6544.89501953125,0,0
"elephant",36.02908333,-3.69778333,288,71.2797622680664,161.082382202148,16.7999992370605,20.1000003814697,156,1,92.5228958129883,333,3918.59301757812,921.480407714844,0.00833333376795053
"elephant",35.99403333,-3.71483333,289,70.7593688964844,158.59407043457,16.8999996185303,20.1833343505859,152,1,92.1020050048828,330,6450.361328125,1842.96130371094,0
"elephant",36.08541667,-3.75051667,290,70.9109725952148,159.195434570312,16.0999984741211,19.6666660308838,157,1,91.6594085693359,251,3800.38842773438,2915.30639648438,0
"elephant",36.09416667,-3.7553,291,70.3189315795898,160.347061157227,16.2000007629395,19.5833339691162,159,1,92.6147079467773,251,3685.92529296875,2612.28076171875,0
"elephant",36.10168333,-3.76191667,292,70.3933792114258,160.791137695312,16.0999984741211,19.533332824707,158,1,92.3413848876953,345,4699.478515625,1306.13732910156,0
"elephant",36.0953,-3.77425,293,71.0416717529297,159.449829101562,15.9999990463257,19.6000003814697,158,1,92.3315658569336,344,5528.88916015625,921.482116699219,0
"elephant",36.05555,-3.76711667,294,70.8077697753906,160.12956237793,16.2999992370605,19.8166675567627,153,1,91.9960174560547,335,7210.4912109375,2062.36450195312,0
"elephant",36.06516667,-3.76011667,295,70.9876556396484,159.926574707031,16.2000007629395,19.783332824707,156,1,91.6911544799805,339,5910.90185546875,2062.37548828125,0
"elephant",36.04903333,-3.77585,296,71.0122680664062,158.450698852539,16.2999992370605,19.8500003814697,150,1,91.8361206054688,332,8512.080078125,921.482299804688,0
"elephant",36.0402,-3.77758333,297,70.5284576416016,158.993041992188,16.4000015258789,19.9333324432373,146,1,90.761474609375,327,9143.0458984375,0,0
"elephant",36.08601667,-3.81456667,298,71.2788238525391,159.720397949219,15.9000005722046,19.6166667938232,152,1,91.5727920532227,338,8721.5283203125,2062.35375976562,0.00833333376795053
"elephant",36.1483,-3.67228333,299,71.2574844360352,160.465728759766,16.7000007629395,19.7666664123535,153,1,91.4288558959961,243,7837.1318359375,925.780456542969,0.0186339002102613
"elephant",36.16445,-3.65953333,300,71.9560852050781,157.802154541016,16.7000007629395,19.8166656494141,150,1,91.1105270385742,241,9821.2021484375,925.789001464844,0.0166666675359011
"elephant",36.16693333,-3.68473333,301,71.6161575317383,160.458618164062,16.5,19.6166667938232,157,1,92.4839935302734,247,9110.5966796875,921.480407714844,0.0186339002102613
"elephant",36.14558333,-3.70716667,302,71.6666641235352,161.641067504883,16.5,19.533332824707,160,1,91.7289733886719,345,5852.17919921875,2068.12744140625,0.00833333376795053
"elephant",36.05203333,-3.82098333,303,71.3477325439453,158.221054077148,16.2000007629395,19.966667175293,144,1,91.5575180053711,327,10311.638671875,0,0
"elephant",36.03543333,-3.83508333,304,71.635612487793,158.298233032227,16.1000003814697,19.6666679382324,145,1,91.9431457519531,333,8704.068359375,2612.15747070312,0.0117851132526994
"elephant",36.0472,-3.8396,305,71.4723968505859,157.5234375,16.2999992370605,19.8833332061768,144,1,91.885368347168,329,9229.521484375,1851.21069335938,0.00833333376795053
"elephant",36.0044,-3.76361667,306,71.4723892211914,157.970077514648,16.2999992370605,19.9833335876465,151,1,89.2611846923828,340,8381.9306640625,1842.96411132812,0.00833333376795053
"elephant",36.01,-3.8455,307,70.9660339355469,155.813491821289,15.6999998092651,19.5833339691162,152,1,92.8518295288086,342,6710.7431640625,3918.26416015625,0
"elephant",36.07348333,-3.98075,308,71.1419830322266,161.068283081055,16.1999988555908,19.716667175293,142,1,90.7687149047852,333,8745.771484375,921.486511230469,0
"elephant",36.05003333,-3.70983333,309,71.335334777832,161.800354003906,16.6000003814697,19.8999996185303,156,1,92.560417175293,337,4607.40185546875,921.480895996094,0.00833333376795053
"elephant",35.97836667,-3.61373333,310,70.585319519043,157.06770324707,16.7999992370605,20.3166675567627,152,1,90.5634460449219,234,4965.53369140625,0,0.030046259984374
"elephant",35.97563333,-3.6034,311,70.8083801269531,156.570129394531,16.7000007629395,20.3333339691162,154,1,91.022590637207,328,5830.68701171875,921.478637695312,0.0372678004205227
"elephant",35.94433333,-3.6209,312,70.9073028564453,156.713409423828,16.8999996185303,20.4500007629395,152,1,90.3941268920898,325,2926.3447265625,0,0.0186339002102613
"elephant",35.94945,-3.72908333,313,71.1309509277344,158.183334350586,16.7999992370605,20.3166675567627,150,1,90.1654052734375,332,3333.04150390625,2612.34130859375,0
"elephant",35.95103333,-3.74473333,314,71.1576843261719,158.587539672852,16.7000007629395,20.25,160,3,87.1144638061523,357,3918.43017578125,3327.13720703125,0
"elephant",36.0424,-3.73078333,315,71.0101089477539,161.948348999023,16.5,19.8666667938232,153,1,92.2935638427734,333,5630.26220703125,0,0
"elephant",36.03365,-3.711,316,71.1576843261719,161.447036743164,16.7000007629395,19.9833335876465,157,1,92.7764892578125,336,4965.49462890625,921.480712890625,0
"elephant",35.97055,-3.85551667,317,70.3821640014648,158.319793701172,15.7000007629395,19.8666667938232,152,1,91.2714157104492,339,5830.55029296875,2764.45068359375,0.0235702265053988
"elephant",35.98473333,-3.77331667,318,71.2678909301758,157.159927368164,16.2999992370605,20.0499992370605,157,1,90.9980621337891,342,6479.734375,921.482116699219,0
"elephant",35.96313333,-3.80758333,319,70.7556915283203,159.480117797852,16.1000003814697,20.0499992370605,148,1,91.1466522216797,329,5224.48779296875,1842.96520996094,0
"elephant",35.98225,-3.82901667,320,70.8333358764648,157.832733154297,15.7999992370605,19.966667175293,153,1,91.9243698120117,336,8497.43359375,921.483215332031,0.0166666675359011
"elephant",35.99793333,-3.78608333,321,71.2448501586914,156.075820922852,16.2000007629395,20.1000003814697,150,1,91.7306518554688,330,7631.21484375,0,0
"elephant",35.97761667,-3.81973333,322,70.8595428466797,157.104476928711,15.8999996185303,20,151,1,91.3452453613281,333,7836.6953125,0,0.00833333376795053
"elephant",35.91871667,-3.88213333,323,67.5799026489258,168.088638305664,14.6000003814697,19.7666664123535,133,1,90.4469985961914,313,4620.40869140625,0,0
"elephant",35.95368333,-3.89568333,324,70.7251129150391,157.803939819336,15.3999996185303,19.8500003814697,150,1,91.7681274414062,339,921.48486328125,3332.60205078125,0
"elephant",36.07261667,-3.80085,325,70.8333358764648,159.247146606445,16.2000007629395,19.8166675567627,146,1,91.217643737793,330,9624.16796875,921.482666015625,0.00833333376795053
"elephant",36.05641667,-3.81178333,326,71.3477325439453,158.221054077148,16.2000007629395,19.966667175293,146,1,91.662727355957,329,11142.7939453125,0,0
"elephant",36.05135,-3.73185,327,71.0101089477539,161.784545898438,16.5,19.8333339691162,153,1,91.8848571777344,333,4719.45263671875,0,0
"elephant",35.9837,-3.7173,328,70.512825012207,158.845260620117,16.8999996185303,20.2000007629395,154,2,88.8936996459961,339,6204.3359375,921.481079101562,0.00833333376795053
"elephant",35.98908333,-3.79215,329,70.8847732543945,157.174407958984,16.2000007629395,20.0166664123535,150,1,91.6445388793945,332,7044.6884765625,921.482482910156,0
"elephant",35.99688333,-3.77186667,330,71.2167663574219,156.487854003906,16.2999992370605,20,152,1,90.9715881347656,335,7405.41064453125,1306.13122558594,0
"elephant",35.93961667,-3.76433333,331,70.9857711791992,156.778060913086,16.3999996185303,20.25,143,1,88.9320297241211,324,1306.13732910156,1842.96411132812,0
"elephant",36.04076667,-3.6964,332,71.7065887451172,161.289184570312,16.7000007629395,20.0499992370605,157,1,92.4516754150391,335,3327.1923828125,0,0
"elephant",36.00171667,-3.70985,333,70.5621337890625,159.745880126953,16.8999996185303,20.1333332061768,151,1,92.348503112793,329,6516.45361328125,2062.38989257812,0.00833333376795053
"elephant",35.99865,-3.80698333,334,71.1458358764648,155.862686157227,16,20,147,1,90.9443817138672,330,8271.8564453125,1842.96520996094,0.00833333376795053
"elephant",36.17873333,-3.6641,335,71.9742126464844,157.313507080078,16.7999992370605,19.6833343505859,155,1,92.4482421875,246,11283.1240234375,1842.95922851562,0
"elephant",36.16028333,-3.69163333,336,71.7676773071289,159.693710327148,16.5,19.6666660308838,156,1,92.3808746337891,338,8272.478515625,0,0.0235702265053988
"elephant",36.19316667,-3.63953333,337,71.9246063232422,156.151626586914,16.7999992370605,19.6833343505859,156,1,92.7572402954102,242,11705.4267578125,0,0.0166666675359011
"elephant",36.15318333,-3.64576667,338,71.4781723022461,159.62255859375,16.7999992370605,19.8333320617676,152,1,91.4260787963867,329,7951.60986328125,0,0.0166666675359011
"elephant",36.13243333,-3.63898333,339,71.180549621582,159.56559753418,16.7999992370605,19.8833332061768,158,1,93.0013427734375,238,5224.9677734375,0,0
"elephant",36.05785,-3.72248333,340,71.4646453857422,161.954788208008,16.5,19.8833332061768,157,1,92.7696304321289,338,4628.6435546875,0,0.00833333376795053
"elephant",35.97031667,-3.65006667,341,70.784309387207,157.383926391602,17,20.3999996185303,146,1,90.0588836669922,320,2777.392578125,921.479675292969,0.00833333376795053
"elephant",35.90148333,-3.80951667,342,70.0320510864258,161.448822021484,15.6000003814697,20.0833339691162,153,2,86.6778717041016,346,5379.54638671875,925.632141113281,0
"elephant",35.94311667,-3.86985,343,69.5346298217773,161.893981933594,15.4000005722046,19.9166660308838,147,1,90.1275787353516,332,3800.36181640625,1842.96801757812,0
"elephant",35.93091667,-3.81841667,344,69.6774215698242,161.561965942383,15.5,20,150,2,88.1824798583984,337,5528.8955078125,0,0
"elephant",35.9167,-3.83371667,345,68.055549621582,166.816787719727,15.0000009536743,19.8333339691162,149,1,90.1676406860352,333,7429.74609375,921.4833984375,0
"elephant",35.99818333,-3.72511667,346,71.0578842163086,158.269515991211,16.7000007629395,20.1166667938232,155,2,89.6081390380859,340,7455.06982421875,0,0
"elephant",35.91498333,-3.53883333,347,69.6354217529297,159.465866088867,15.9999990463257,20.1833324432373,163,2,90.7400588989258,340,9931.24609375,925.914978027344,0.0750000029802322
"elephant",35.94275,-3.50248333,348,70.7566452026367,152.685577392578,16.2999992370605,20.4500007629395,149,1,92.326286315918,317,5528.8564453125,0,0.030046259984374
"elephant",36.13503333,-3.70103333,349,71.4859466552734,162.77424621582,16.6000003814697,19.5833339691162,159,1,91.9739303588867,343,4982.07958984375,2068.12744140625,0
"elephant",36.1236,-3.6773,350,71.5863418579102,161.019485473633,16.5999984741211,19.7999992370605,155,1,92.1626434326172,335,5379.68701171875,921.480041503906,0
"elephant",36.01166667,-3.79785,351,71.0390930175781,155.555557250977,16.2000007629395,19.8666667938232,153,1,91.8090057373047,337,9660.59375,1842.96484375,0
"elephant",35.99986667,-3.79538333,352,71.2215347290039,155.955047607422,16.1000003814697,20.033332824707,149,1,91.5424041748047,331,7904.45458984375,921.482482910156,0
"elephant",35.93308333,-3.8065,353,70.2830123901367,159.888107299805,15.9000005722046,20.0833339691162,154,2,87.4145889282227,342,3685.9296875,1842.96520996094,0.00833333376795053
"elephant",35.9684,-3.79691667,354,71.2215270996094,156.137100219727,16.1000003814697,20.0833339691162,149,1,90.876594543457,330,5391.03125,921.482482910156,0.00833333376795053
"elephant",36.04975,-3.94593333,355,71.3836517333984,157.357452392578,15.8999996185303,19.4333343505859,143,1,91.8395843505859,339,7215.560546875,2062.28637695312,0.0166666675359011
"elephant",36.06681667,-3.90296667,356,71.1740036010742,159.677703857422,15.8999996185303,19.8333320617676,146,1,92.0238800048828,333,2776.59936523438,0,0
"elephant",36.03181667,-3.73365,357,70.9090957641602,159.919464111328,16.5,19.8999996185303,147,1,91.1952438354492,327,7631.6220703125,1851.42272949219,0
"elephant",36.14441667,-3.65906667,358,71.3073883056641,160.347061157227,16.7000007629395,19.783332824707,153,1,92.0169982910156,243,8512.3115234375,921.479675292969,0.0117851132526994
"elephant",36.14178333,-3.68976667,359,71.4357452392578,161.701995849609,16.6000003814697,19.6166667938232,158,1,91.9118728637695,340,6666.1689453125,1306.19763183594,0.0117851132526994
"elephant",36.1327,-3.70976667,360,71.4141387939453,163.922119140625,16.5,19.6499996185303,162,1,92.7432556152344,344,3815.86157226562,1851.47485351562,0.00833333376795053
"elephant",36.1047,-3.71555,361,71.1111068725586,163.248291015625,16.5,19.6499996185303,165,1,92.9330291748047,250,1306.17370605469,0,0
"elephant",36.16546667,-3.67338333,362,71.6067886352539,157.914321899414,16.7000007629395,19.7666664123535,151,1,91.2460174560547,242,9242.134765625,921.480041503906,0.0166666675359011
"elephant",36.17251667,-3.64698333,363,71.875,156.961563110352,16.7999992370605,19.7999992370605,152,1,91.7341766357422,241,9521.396484375,0,0
"elephant",36.01876667,-3.85293333,364,71.3375854492188,154.174240112305,15.6999988555908,19.4333343505859,153,1,93.9338150024414,345,6186.9609375,3702.349609375,0
"elephant",36.01613333,-3.86485,365,71.0752639770508,154.454086303711,15.5000009536743,19.466667175293,148,1,91.927116394043,341,4965.3623046875,4718.75927734375,0.00833333376795053
"elephant",36.05495,-3.8927,366,71.4360580444336,157.299057006836,15.9000005722046,19.7000007629395,145,1,92.1957626342773,334,4718.53759765625,1306.04431152344,0.00833333376795053
"elephant",35.97495,-3.88476667,367,70.4004364013672,156.778030395508,15.3999996185303,19.7000007629395,149,1,91.0643310546875,341,2612.08227539062,4614.7607421875,0.00833333376795053
"elephant",36.00638333,-3.85828333,368,70.7526931762695,156.321319580078,15.4999990463257,19.5833339691162,149,1,92.1122436523438,339,5605.8388671875,4124.677734375,0.00833333376795053
"elephant",36.08035,-3.793,369,70.627571105957,160.148468017578,16.2000007629395,19.7666664123535,154,1,92.158805847168,337,8497.462890625,0,0.00833333376795053
"elephant",36.08386667,-3.76616667,370,70.5246963500977,161.167037963867,16.2000007629395,19.6000003814697,156,1,91.8049240112305,250,4699.478515625,2062.3681640625,0.00833333376795053
"elephant",36.09636667,-3.80296667,371,70.6770782470703,159.404098510742,16,19.5666656494141,155,1,91.466064453125,341,7454.59375,1842.96520996094,0.0117851132526994
"elephant",36.10046667,-3.82348333,372,70.6751098632812,158.950149536133,15.7999992370605,19.3833332061768,161,1,91.608772277832,353,7836.6953125,3685.93115234375,0
"elephant",36.0641,-3.79221667,373,70.7566452026367,159.043060302734,16.2999992370605,19.8833332061768,150,1,91.6203155517578,333,9082.36328125,0,0
"elephant",35.97051667,-3.61971667,374,70.6114349365234,156.662628173828,16.9000015258789,20.3666667938232,152,1,91.5142059326172,324,4615.1875,0,0.030046259984374
"elephant",36.0464,-3.52546667,375,71.4141387939453,153.168548583984,16.5,20.2666664123535,153,1,94.2204666137695,228,7046.27734375,0,0.00833333376795053
"elephant",36.12796667,-3.50366667,376,71.4723892211914,153.208129882812,16.2999992370605,19.4333343505859,163,1,93.0685653686523,247,4720.52734375,925.947814941406,0.00833333376795053
"elephant",36.10318333,-3.51105,377,71.6049423217773,153.104232788086,16.1999988555908,19.7333335876465,178,2,90.6384201049805,259,4607.3857421875,921.476623535156,0.0186339002102613
"elephant",36.01405,-3.62956667,378,71.1077880859375,156.744201660156,16.6999988555908,20.1333332061768,149,1,91.2884521484375,322,3327.23754882812,2062.43237304688,0
"elephant",35.97403333,-3.71315,379,70.784309387207,158.835723876953,17,20.2999992370605,165,3,87.5737686157227,356,4136.2392578125,0,0
"elephant",35.91885,-3.49168333,380,69.7916641235352,157.472961425781,16,20.283332824707,145,1,91.0929260253906,310,5380.01708984375,0,0.0343592129647732
"elephant",35.9201,-3.45095,381,69.84375,155.233825683594,15.9999990463257,20.2000007629395,148,1,93.332649230957,313,2777.98950195312,2612.72436523438,0
"elephant",35.89676667,-3.41713333,382,69.2841873168945,156.235900878906,15.6000003814697,20.0833339691162,139,1,93.0704727172852,299,3685.8984375,926.028564453125,0.00833333376795053
"elephant",35.92295,-3.48228333,383,69.7395858764648,156.647537231445,16,20.25,145,1,90.7028198242188,225,3919.04467773438,1842.95251464844,0.0186339002102613
"elephant",35.9367,-3.49108333,384,70.3703689575195,152.111419677734,16.2000007629395,20.3500003814697,148,1,92.5003967285156,314,3800.43286132812,1306.33129882812,0.0333333350718021
"elephant",35.97376667,-3.70303333,385,70.8333282470703,159.347045898438,17,20.3333339691162,160,2,89.7715911865234,344,3815.92846679688,921.480712890625,0
"elephant",36.00628333,-3.582,386,70.682731628418,155.078170776367,16.5999984741211,20.25,153,1,92.2478637695312,232,8344.826171875,921.477966308594,0.0186339002102613
"elephant",36.01095,-3.89148333,387,71.0239715576172,154.284744262695,15.2999992370605,19.1499996185303,154,1,92.4143981933594,354,2612.08227539062,5553.3076171875,0
"elephant",36.00205,-3.86995,388,70.9694976806641,155.160614013672,15.3000001907349,19.4166660308838,150,1,91.7206573486328,345,3800.36181640625,5830.56884765625,0.0186339002102613
"elephant",36.04146667,-3.8202,389,71.5838470458984,156.560455322266,16.1000003814697,19.6333332061768,147,1,91.5019912719727,336,10311.638671875,1851.24645996094,0.00833333376795053
"elephant",36.07591667,-4.06726667,390,71.532096862793,160.085205078125,16.0999984741211,19.8333339691162,142,1,91.6453704833984,232,7371.916015625,921.488586425781,0.00833333376795053
"elephant",36.02748333,-4.00918333,391,71.6029663085938,157.294250488281,15.7000007629395,19.4333343505859,144,1,91.0344543457031,345,12538.244140625,925.4130859375,0.0166666675359011
"elephant",36.05118333,-4.08513333,392,71.4285736083984,158.907257080078,16.0999984741211,19.7666664123535,139,1,90.8596496582031,241,6186.63818359375,1850.65612792969,0
"elephant",36.0236,-4.0923,393,70.9375,158.59228515625,16,19.5499992370605,145,1,92.2488250732422,246,7948.6025390625,921.489379882812,0
"elephant",36.02523333,-4.06631667,394,71.7826995849609,156.734558105469,15.8000001907349,19.3333339691162,143,1,91.3854141235352,248,9980.1298828125,2924.994140625,0.0117851132526994
"elephant",36.08243333,-4.07613333,395,71.4803314208984,160.724578857422,16.0999984741211,19.8500003814697,145,1,92.3731460571289,232,6450.4267578125,925.337585449219,0.0117851132526994
"elephant",36.06496667,-4.00191667,396,71.4285736083984,159.720397949219,16.1000003814697,19.6166667938232,142,1,91.589599609375,336,11661.0146484375,921.487243652344,0.00833333376795053
"elephant",36.0823,-3.94378333,397,70.8074569702148,161.653366088867,16.0999984741211,19.7999992370605,144,1,92.3913879394531,332,4965.33251953125,0,0
"elephant",36.07405,-3.92028333,398,70.8333358764648,160.134887695312,15.9999990463257,19.8166656494141,140,1,90.6938247680664,328,3332.53442382812,0,0
"elephant",36.12333333,-3.9397,399,70.912956237793,158.807113647461,15.6999998092651,19.0833339691162,156,1,94.1834869384766,354,4614.666015625,2067.6669921875,0.0186339002102613
"elephant",36.09073333,-3.94026667,400,70.8333282470703,160.798202514648,16,19.6833324432373,146,1,92.5680770874023,336,3800.35595703125,925.496520996094,0.00833333376795053
"elephant",36.13513333,-3.96978333,401,71.3080139160156,160.224746704102,15.8000011444092,19.2999992370605,151,1,92.9527130126953,346,7629.6748046875,0,0
"elephant",36.19475,-4.00208333,402,71.7299575805664,157.991668701172,15.8000001907349,19.1166667938232,153,1,93.5040435791016,278,5605.833984375,2067.55151367188,0.0117851132526994
"elephant",36.17951667,-3.97278333,403,71.4968109130859,156.328018188477,15.7000007629395,19.2666664123535,152,1,92.4097290039062,351,3332.39794921875,921.486511230469,0
"elephant",36.16456667,-3.8934,404,70.9129486083984,157.407989501953,15.7000007629395,19.1499996185303,162,1,93.9994049072266,357,7461.4189453125,0,0
"elephant",36.16088333,-3.9667,405,71.6560516357422,159.01448059082,15.7000007629395,19.3500003814697,152,1,92.3413696289062,349,4980.83642578125,921.486328125,0.0166666675359011
"elephant",36.17228333,-3.91133333,406,71.4743576049805,156.74723815918,15.6000003814697,19.1333332061768,162,1,93.8877868652344,271,5910.40234375,921.485046386719,0
"elephant",36.19495,-3.92131667,407,71.5277786254883,155.511749267578,15.6000003814697,18.8166675567627,157,1,92.7864761352539,277,3800.35278320312,2067.71606445312,0.00833333376795053
"elephant",36.16203333,-3.91716667,408,70.9660263061523,157.472351074219,15.7000007629395,19.2000007629395,164,1,94.6392593383789,360,5916.02880859375,921.485229492188,0
"elephant",36.1367,-3.95531667,409,70.8333282470703,160.389556884766,15.8000011444092,19.216667175293,149,1,92.7937316894531,345,7209.87744140625,0,0
"elephant",36.10115,-4.01326667,410,71.5020523071289,160.776992797852,16.2000007629395,19.5666656494141,145,1,92.6510543823242,341,12015.0146484375,1850.826171875,0
"elephant",36.0111,-3.92515,411,71.4912261962891,153.272399902344,15.1999998092651,18.9833335876465,152,1,92.5033569335938,356,3326.9287109375,4614.6181640625,0
"elephant",36.03468333,-3.90495,412,71.7091293334961,155.716217041016,15.7000007629395,19.3833332061768,153,1,92.8980865478516,348,4627.66552734375,2925.49633789062,0
"elephant",36.05665,-3.58178333,413,71.6067886352539,155.993255615234,16.6999988555908,20.1333332061768,156,1,93.4525527954102,235,5391.8740234375,2062.44604492188,0.00833333376795053
"elephant",35.98136667,-3.57046667,414,71.2626266479492,152.411804199219,16.5,20.3500003814697,156,1,92.2527770996094,231,9143.7958984375,921.477966308594,0.0416666679084301
"elephant",35.99993333,-3.57193333,415,71.1111145019531,152.730209350586,16.5,20.3500003814697,158,1,93.703971862793,230,9214.787109375,0,0.025000000372529
"elephant",35.93105,-3.4984,416,70.46875,153.880996704102,16,20.3333339691162,150,1,92.2994384765625,316,4965.63671875,921.476501464844,0.0372678004205227
"elephant",36.02976667,-3.53195,417,71.3131332397461,150.785797119141,16.5,20.2333335876465,155,1,93.1452026367188,233,8779.7470703125,0,0.0117851132526994
"elephant",35.9415,-3.54588333,418,70.5521469116211,155.312515258789,16.2999992370605,20.3999996185303,156,1,92.5840835571289,326,9398.9873046875,0,0.0671854838728905
"elephant",35.98653333,-3.50533333,419,71.8813934326172,148.086273193359,16.2999992370605,20.3999996185303,166,1,94.1557312011719,239,7211.33154296875,0,0.0117851132526994
"elephant",35.89431667,-3.42696667,420,69.0322570800781,157.946075439453,15.5,20.0833339691162,147,1,92.7071533203125,311,4607.37353515625,921.475158691406,0
"elephant",35.90748333,-3.82951667,421,68.5855255126953,164.433715820312,15.1999998092651,19.966667175293,152,2,87.4906921386719,344,6665.6044921875,921.4833984375,0
"elephant",36.06151667,-3.73653333,422,70.7825164794922,161.025924682617,16.4000015258789,19.783332824707,157,1,92.6228942871094,340,4136.146484375,925.711364746094,0
"elephant",36.07116667,-3.81226667,423,70.7304534912109,160.12956237793,16.2000007629395,19.8166675567627,146,1,91.2633666992188,329,10339.7802734375,1306.10668945312,0.00833333376795053
"elephant",36.0777,-3.75771667,424,70.7304534912109,159.608306884766,16.2000007629395,19.6833324432373,158,1,91.9765014648438,342,4124.76513671875,2925.97827148438,0
"elephant",36.10783333,-3.80623333,425,70.7547149658203,158.77848815918,15.9000005722046,19.466667175293,160,1,92.2110900878906,348,6665.73583984375,1842.96520996094,0.00833333376795053
"elephant",36.08338333,-3.62293333,426,71.8063812255859,159.118667602539,16.7000007629395,19.8833332061768,152,1,91.1950225830078,242,2062.43579101562,2777.49438476562,0.0166666675359011
"elephant",36.05036667,-3.68955,427,71.8373489379883,160.460403442383,16.5999984741211,19.7999992370605,160,1,92.361442565918,342,1842.96020507812,1851.52661132812,0
"elephant",36.02798333,-3.52275,428,71.2906494140625,151.374374389648,16.3999996185303,20.1833324432373,159,1,93.8730239868164,235,9111.9814453125,921.476989746094,0.00833333376795053
"elephant",36.12508333,-3.51913333,429,71.4646530151367,152.947662353516,16.5,19.6000003814697,166,1,91.5255432128906,253,4615.3623046875,1306.31420898438,0
"elephant",36.03406667,-3.57608333,430,71.7871551513672,155.787322998047,16.5999984741211,20.1333332061768,153,1,91.3159713745117,235,7045.95703125,1306.26831054688,0.00833333376795053
"elephant",35.92978333,-3.45361667,431,70.4451370239258,152.650207519531,16.0999984741211,20.2666664123535,149,0,93.6116409301758,221,1851.99291992188,3327.4482421875,0
"elephant",35.9667,-3.48843333,432,71.676887512207,147.599487304688,16.2999992370605,20.4500007629395,154,1,93.4287414550781,325,4615.47607421875,0,0
"elephant",35.92331667,-3.46911667,433,69.84375,154.808670043945,16,20.2333335876465,151,1,91.4047470092773,226,3333.68481445312,2764.42846679688,0.0117851132526994
"elephant",35.9502,-3.47631667,434,71.5235137939453,147.603973388672,16.2999992370605,20.5,153,0,93.5141067504883,320,2915.38525390625,921.476135253906,0.0186339002102613
"elephant",35.93418333,-3.51093333,435,70.3189315795898,154.514770507812,16.2000007629395,20.3500003814697,152,1,92.5658874511719,320,6516.4541015625,0,0.0416666679084301
"elephant",36.06331667,-3.5108,436,71.3477325439453,153.60009765625,16.2000007629395,20.0833339691162,157,1,93.7998733520508,330,6531.51416015625,921.476806640625,0.00833333376795053
"elephant",36.02541667,-3.87836667,437,71.4209365844727,153.762786865234,15.6000003814697,19.2333335876465,153,1,93.0227279663086,350,4620.40869140625,3815.17431640625,0
"elephant",36.06655,-4.02238333,438,71.4803314208984,159.151977539062,16.1000003814697,19.6166667938232,144,1,91.4701461791992,341,13032.90625,0,0
"elephant",36.01103333,-4.0137,439,71.7741928100586,154.852676391602,15.5,19.4833335876465,147,1,91.7806777954102,347,12121.466796875,2776.2392578125,0
"elephant",36.06018333,-3.97706667,440,71.4285659790039,159.570907592773,16.1000003814697,19.6499996185303,143,1,92.0987854003906,336,9082.07421875,921.486511230469,0.00833333376795053
"elephant",36.11513333,-3.92913333,441,70.8333282470703,159.018661499023,15.8000011444092,19.2333335876465,156,1,94.4779739379883,351,3326.9287109375,3332.46630859375,0.0186339002102613
"elephant",36.10903333,-3.98358333,442,71.0144958496094,161.097091674805,16.0999984741211,19.3166656494141,149,1,92.5335693359375,345,9398.9140625,1850.88220214844,0.0166666675359011
"elephant",36.19136667,-3.9399,443,71.3675231933594,156.546524047852,15.5999994277954,18.9333324432373,160,1,93.7660903930664,278,2612.00610351562,2925.39233398438,0.00833333376795053
"elephant",36.17471667,-3.95341667,444,71.8482894897461,156.45881652832,15.6000003814697,19.283332824707,163,1,94.9789199829102,360,3701.91259765625,925.478149414062,0
"elephant",36.08115,-3.80693333,445,70.8592147827148,159.00910949707,16.0999984741211,19.75,151,1,91.3217315673828,337,9109.880859375,921.482666015625,0.0117851132526994
"elephant",36.0703,-3.56648333,446,71.6067886352539,154.411758422852,16.6999988555908,20.0666656494141,152,1,92.6397476196289,234,3816.486328125,1306.28564453125,0
"elephant",35.95731667,-3.56523333,447,71.1111068725586,153.034957885742,16.5,20.4500007629395,150,1,91.2437286376953,321,8249.7705078125,2062.453125,0.0666666701436043
"elephant",35.95508333,-3.65588333,448,70.808967590332,157.42903137207,17.0999984741211,20.4333324432373,146,1,90.2897109985352,321,4621.24365234375,0,0.00833333376795053
"elephant",36.00256667,-3.55815,449,71.1111145019531,152.397506713867,16.5,20.3666667938232,157,1,93.5762405395508,230,11096.43359375,0,0.0186339002102613
"elephant",35.99851667,-3.51511667,450,71.8813934326172,148.505172729492,16.2999992370605,20.3666667938232,163,1,92.764289855957,239,8513.1083984375,921.476623535156,0.0117851132526994
"elephant",35.94158333,-3.6552,451,70.4901885986328,159.038299560547,17,20.3500003814697,146,1,90.0762939453125,321,3327.23754882812,921.4794921875,0
"elephant",35.94036667,-3.77821667,452,70.7055206298828,157.197891235352,16.2999992370605,20.1833343505859,161,2,88.0213470458984,355,1306.13122558594,0,0.00833333376795053
"elephant",35.9739,-3.77031667,453,71.3190155029297,157.385726928711,16.3000011444092,20.1000003814697,155,1,90.6673889160156,339,4628.3818359375,1842.96447753906,0
"elephant",35.99078333,-3.73741667,454,71.3353424072266,158.201889038086,16.6000003814697,20.1333332061768,163,2,88.0096817016602,358,7216.57470703125,921.481262207031,0.00833333376795053
"elephant",36.06585,-3.57443333,455,71.9377517700195,154.392120361328,16.5999984741211,20.1499996185303,156,1,92.4030303955078,234,4982.787109375,2612.5654296875,0.00833333376795053
"elephant",36.01913333,-3.57723333,456,71.3353424072266,154.847778320312,16.5999984741211,20.216667175293,151,1,91.7323913574219,230,8746.0400390625,0,0.00833333376795053
"elephant",36.08055,-3.55183333,457,71.6566848754883,154.125091552734,16.7000007629395,20.2000007629395,147,1,92.5623474121094,230,2777.6953125,0,0.00833333376795053
"elephant",36.09686667,-3.54935,458,72.0883560180664,154.640335083008,16.5999984741211,20.1333332061768,145,1,92.04541015625,228,1306.29138183594,0,0
"elephant",35.98023333,-3.55155,459,71.2121200561523,151.737411499023,16.5,20.3666667938232,157,1,93.2427597045898,232,10525.2763671875,2068.3837890625,0.0424918308854103
"elephant",35.98706667,-3.55758333,460,71.4430923461914,151.229797363281,16.3999996185303,20.3333339691162,157,1,93.1458511352539,232,11096.43359375,1306.28564453125,0.0343592129647732
"elephant",36.03163333,-3.55911667,461,71.084342956543,154.233169555664,16.5999984741211,20.1499996185303,168,1,93.144889831543,244,8383.8408203125,925.89013671875,0
"elephant",35.98571667,-3.51966667,462,71.8813934326172,149.039855957031,16.2999992370605,20.3666667938232,155,1,93.7442016601562,233,8705.0634765625,921.476806640625,0.0235702265053988
"elephant",36.01606667,-3.80743333,463,71.0144958496094,156.456970214844,16.0999984741211,19.8166675567627,149,1,91.4423065185547,335,9963.4306640625,2612.23168945312,0
"elephant",36.0253,-3.78815,464,71.2962951660156,158.020416259766,16.2000007629395,19.8666667938232,148,1,91.270622253418,331,10449.1708984375,921.482299804688,0
"elephant",36.01915,-3.78031667,465,71.3991775512695,156.044876098633,16.2000007629395,20,150,1,91.4968643188477,331,10224,0,0.00833333376795053
"elephant",36.04676667,-3.80841667,466,71.4506149291992,157.255706787109,16.2000007629395,19.7666664123535,147,1,91.8918151855469,333,11557.9111328125,921.482849121094,0
"elephant",36.04258333,-3.91711667,467,71.2788238525391,157.643630981445,15.8999996185303,19.466667175293,151,1,92.722412109375,344,5850.966796875,2067.71606445312,0.00833333376795053
"elephant",36.04965,-3.84996667,468,71.7592620849609,158.603637695312,16.2000007629395,19.8166656494141,146,1,92.0511474609375,331,8511.572265625,1306.07568359375,0.00833333376795053
"elephant",36.08451667,-3.95916667,469,70.7304534912109,162.165145874023,16.2000007629395,19.7999992370605,144,1,91.6828918457031,331,6516.453125,0,0
"elephant",36.05688333,-3.91456667,470,71.3312377929688,158.062973022461,15.9000005722046,19.6666660308838,149,1,92.4111328125,339,4718.4931640625,925.523986816406,0
"elephant",36.05811667,-3.83483333,471,71.5020599365234,158.061157226562,16.2000007629395,19.8999996185303,144,1,91.5263214111328,327,8704.068359375,925.605346679688,0
"elephant",36.06151667,-3.93591667,472,70.9895782470703,160.191055297852,16,19.6666660308838,143,1,91.9327545166016,333,5224.08837890625,1306.01257324219,0.00833333376795053
"elephant",36.1115,-3.67421667,473,71.2851409912109,162.081619262695,16.5999984741211,19.7666664123535,155,1,92.007438659668,334,5830.6513671875,0,0.00833333376795053
"elephant",36.17766667,-3.67331667,474,71.7564926147461,157.830917358398,16.6999988555908,19.6333332061768,153,1,91.0710525512695,246,10782.8427734375,2068.17333984375,0
"elephant",36.13398333,-3.6583,475,71.2075881958008,159.532348632812,16.7000007629395,19.7999992370605,156,1,92.1197052001953,241,7210.8662109375,921.4794921875,0
"elephant",35.9995,-3.84651667,476,70.9677429199219,155.556182861328,15.5,19.716667175293,147,1,90.9636840820312,335,6450.39013671875,2915.2880859375,0.00833333376795053
"elephant",36.07486667,-3.82338333,477,71.0144958496094,159.530548095703,16.0999984741211,19.7999992370605,142,1,91.1228179931641,325,9624.095703125,1306.09423828125,0.00833333376795053
"elephant",36.0906,-3.82458333,478,70.7291641235352,158.749862670898,16,19.5833339691162,153,1,91.8116073608398,339,9241.4697265625,2915.294921875,0
"elephant",36.07536667,-3.77046667,479,70.6790084838867,160.345260620117,16.2000007629395,19.7000007629395,157,1,92.1220626831055,341,5830.6240234375,1842.96447753906,0.00833333376795053
"elephant",36.04645,-3.79808333,480,71.165641784668,158.298233032227,16.3000011444092,19.966667175293,145,1,90.3840255737305,326,9981.328125,0,0
"elephant",36.09938333,-3.79201667,481,71.3836441040039,158.671112060547,15.9000005722046,19.6000003814697,162,1,93.2533950805664,348,7044.6884765625,921.482482910156,0.00833333376795053
"elephant",35.98691667,-3.60688333,482,70.5089797973633,157.530059814453,16.7000007629395,20.2999992370605,155,1,90.8099594116211,234,5605.85107421875,0,0.0343592129647732
"elephant",35.96773333,-3.59456667,483,71.0578842163086,154.956024169922,16.7000007629395,20.3833332061768,154,1,91.1427993774414,325,6666.6337890625,921.478332519531,0.0485912673175335
"elephant",35.95841667,-3.79531667,484,71.1180114746094,157.960510253906,16.1000003814697,20.0666656494141,150,1,91.1880874633789,332,4620.77734375,921.482482910156,0
"elephant",36.05473333,-3.56725,485,71.8875503540039,154.601135253906,16.5999984741211,20.1499996185303,156,1,92.4030303955078,234,5853.046875,2915.35546875,0.0117851132526994
"elephant",35.97018333,-3.51836667,486,71.3414611816406,150.534408569336,16.3999996185303,20.4166660308838,150,1,91.9133224487305,321,7877.814453125,1306.31420898438,0.0333333350718021
"elephant",35.91081667,-3.44161667,487,69.21875,157.885543823242,15.9999990463257,20.1166667938232,147,1,92.5802688598633,221,4137.16015625,921.475158691406,0.00833333376795053
"elephant",36.0286,-3.77963333,488,71.0633926391602,156.739990234375,16.3000011444092,20,149,1,91.3907852172852,330,9820.841796875,0,0.00833333376795053
"elephant",36.0552,-4.07586667,489,71.5320892333984,158.799957275391,16.1000003814697,19.75,141,1,91.4993209838867,239,7022.3505859375,1850.67517089844,0
"elephant",36.08766667,-3.97286667,490,70.7566452026367,163.238998413086,16.2999992370605,19.8166675567627,143,1,91.4723281860352,330,7429.7509765625,0,0
"elephant",36.1598,-3.94778333,491,71.178337097168,157.842346191406,15.7000007629395,19.2999992370605,157,1,94.1056747436523,354,4718.2685546875,0,0.00833333376795053
"elephant",36.14861667,-3.93291667,492,70.8598709106445,156.240768432617,15.7000007629395,19.1499996185303,161,1,93.8883285522461,358,6203.14794921875,921.485595703125,0
"elephant",36.06126667,-3.82391667,493,71.0390930175781,158.589309692383,16.2000007629395,19.9166660308838,143,1,91.3247985839844,325,9930.75390625,921.483215332031,0
"elephant",35.98215,-3.63898333,494,70.562126159668,159.137710571289,16.9000015258789,20.2999992370605,155,1,91.3298873901367,330,2612.44873046875,2062.4287109375,0.0117851132526994
"elephant",36.0233,-3.55271667,495,71.5151519775391,153.778167724609,16.5,20.2999992370605,158,1,93.5625991821289,231,9258.984375,921.477478027344,0.00833333376795053
"elephant",36.02891667,-3.5422,496,71.4646453857422,152.620407104492,16.5,20.25,156,1,93.4191513061523,231,8383.9140625,921.477294921875,0.0166666675359011
"elephant",35.97418333,-3.49498333,497,71.5746383666992,148.329086303711,16.2999992370605,20.4500007629395,156,1,94.1606521606445,326,5380.01708984375,0,0.00833333376795053
"elephant",36.03816667,-3.58483333,498,71.5069885253906,156.560440063477,16.7000007629395,20.1499996185303,151,1,91.5778350830078,232,6737.927734375,921.478332519531,0
"elephant",36.05065,-3.54851667,499,71.8686904907227,152.927841186523,16.5,20.1499996185303,155,1,93.5811614990234,230,5631.31640625,921.477294921875,0.00833333376795053
"elephant",35.96836667,-3.50271667,500,71.5746383666992,148.329086303711,16.2999992370605,20.4500007629395,155,1,94.0448379516602,325,6187.47119140625,0,0.0166666675359011
"elephant",36.13051667,-3.7306,501,70.9100189208984,162.552444458008,16.2999992370605,19.533332824707,164,1,93.2251892089844,350,3815.82788085938,2612.34130859375,0
"elephant",35.97808333,-3.73636667,502,70.9580841064453,158.685409545898,16.7000007629395,20.1499996185303,170,3,87.6024017333984,368,6530.8681640625,921.481262207031,0.00833333376795053
"elephant",35.9485,-3.83081667,503,70.1698532104492,161.245162963867,15.6999998092651,20,149,1,90.4400177001953,330,6710.7763671875,0,0
"elephant",36.04473333,-3.89791667,504,71.4884719848633,156.674728393555,15.8999996185303,19.5833339691162,151,1,93.9430160522461,342,5629.15771484375,2067.7646484375,0.0117851132526994
"elephant",36.05023333,-3.83046667,505,71.5020599365234,158.204879760742,16.2000007629395,19.8999996185303,144,1,91.4652328491211,327,9497.1689453125,921.483215332031,0
"elephant",36.06106667,-3.96438333,506,71.1180114746094,159.250137329102,16.1000003814697,19.6666660308838,140,1,90.5498580932617,332,7437.20556640625,0,0.00833333376795053
"elephant",36.07151667,-3.96815,507,70.987663269043,160.791137695312,16.1999988555908,19.7333335876465,142,1,90.8454666137695,332,7877.39111328125,0,0
"elephant",36.05973333,-3.95391667,508,71.25,159.570922851562,16,19.7000007629395,142,1,91.8396301269531,332,6653.828125,921.486145019531,0.00833333376795053
"elephant",36.06938333,-3.9414,509,70.7812576293945,161.40657043457,15.9999990463257,19.75,140,1,91.6148681640625,329,4614.666015625,921.485595703125,0
"elephant",36.04243333,-3.8737,510,71.6666641235352,155.122146606445,16,19.7333335876465,148,1,91.9929580688477,335,6665.2041015625,1851.13879394531,0.00833333376795053
"elephant",36.01653333,-3.82883333,511,71.0970458984375,155.422210693359,15.8000001907349,19.6333332061768,149,1,92.0471649169922,338,8497.43359375,2925.75244140625,0
"elephant",36.16221667,-3.64503333,512,71.6765823364258,157.914337158203,16.7999992370605,19.8166656494141,151,1,91.2742156982422,241,8722.6943359375,0,0.00833333376795053
"elephant",36.06135,-3.85295,513,71.5625,158.916778564453,16,19.8999996185303,148,1,92.0555572509766,332,6653.9443359375,0,0
"elephant",36.01245,-3.88216667,514,71.2962951660156,153.940032958984,15.2999992370605,19.2666664123535,153,1,92.4107131958008,349,3326.95776367188,5390.65087890625,0.00833333376795053
"elephant",36.0251,-3.86855,515,71.6880340576172,154.144760131836,15.6000003814697,19.2333335876465,153,1,92.9503784179688,350,5224.18994140625,3332.66918945312,0
"elephant",36.1044,-3.72865,516,70.9611434936523,162.030212402344,16.2999992370605,19.6166667938232,164,2,90.7559356689453,257,1306.16760253906,1842.96203613281,0
"elephant",36.08756667,-3.78216667,517,70.8592147827148,159.674758911133,16.0999984741211,19.6499996185303,159,1,92.8160781860352,343,6516.45361328125,921.482299804688,0
"elephant",36.09508333,-3.8153,518,70.8595352172852,158.319778442383,15.9000005722046,19.5499992370605,157,1,91.739990234375,345,7950.63330078125,2612.21948242188,0.00833333376795053
"elephant",36.05441667,-3.79303333,519,70.8077697753906,159.232894897461,16.3000011444092,19.9333324432373,147,1,90.9271621704102,329,9497.431640625,0,0
"elephant",35.97315,-3.67288333,520,70.4678344726562,158.003662109375,17.1000003814697,20.3833332061768,143,1,89.8900375366211,319,3333.19091796875,0,0
"elephant",35.9148,-3.57448333,521,70.603271484375,157.106292724609,16.2999992370605,20.3166675567627,157,2,90.8191299438477,333,6516.4541015625,921.477966308594,0.0606675818562508
"elephant",36.18435,-3.48573333,522,71.0317459106445,152.14875793457,16.7999992370605,19.1000003814697,167,1,94.2822723388672,256,3327.38818359375,2915.38330078125,0.0186339002102613
"elephant",36.10248333,-3.49683333,523,71.2025375366211,153.797866821289,15.7999992370605,19.4333324432373,178,2,91.9345474243164,257,6450.3388671875,921.476501464844,0.030046259984374
"elephant",36.07568333,-3.57625,524,71.5773849487305,154.896713256836,16.7999992370605,20.0666675567627,152,1,92.5788955688477,236,3327.29150390625,1306.27404785156,0.00833333376795053
"elephant",35.9484,-3.88455,525,69.9561386108398,160.269653320312,15.2000007629395,19.8999996185303,147,1,90.5980453491211,333,2062.31298828125,2067.78076171875,0
"elephant",36.04635,-3.57883333,526,71.8373489379883,155.43864440918,16.5999984741211,20.1333332061768,154,1,91.8320159912109,236,6204.97265625,1842.95642089844,0.0117851132526994
"elephant",36.05031667,-3.5971,527,71.6269912719727,156.836608886719,16.7999992370605,20.1666679382324,150,1,91.6570892333984,233,4720.08056640625,925.856750488281,0
"elephant",36.03525,-3.59375,528,71.8063888549805,157.342391967773,16.7000007629395,20.1833343505859,150,1,91.9990539550781,231,6546.14599609375,0,0
"elephant",36.0266,-3.58408333,529,71.2574844360352,155.855407714844,16.7000007629395,20.2000007629395,148,1,91.1969985961914,231,7632.681640625,0,0
"elephant",35.95248333,-3.53991667,530,71.1382064819336,151.655029296875,16.4000015258789,20.466667175293,153,1,92.4966659545898,324,9261.16796875,1306.29711914062,0.0527046285569668
"elephant",35.9761,-3.54166667,531,70.9595947265625,151.349365234375,16.5,20.3999996185303,155,1,92.7894668579102,327,10791.7109375,2612.57690429688,0.0448763743042946
"elephant",36.01386667,-3.49991667,532,71.656379699707,147.578308105469,16.2000007629395,20.216667175293,175,2,91.8126678466797,253,8723.6982421875,925.955993652344,0.00833333376795053
"elephant",35.94058333,-3.53438333,533,70.627571105957,154.862503051758,16.2000007629395,20.3833332061768,153,1,92.1868743896484,322,9261.16796875,921.477294921875,0.0600925199687481
"elephant",35.98253333,-3.53235,534,71.2398376464844,150.340515136719,16.3999996185303,20.3999996185303,151,1,92.4989318847656,231,9082.759765625,1842.95373535156,0.0353553406894207
"elephant",35.95768333,-3.52668333,535,71.1382064819336,151.655029296875,16.4000015258789,20.466667175293,156,1,92.9293670654297,327,8344.8173828125,1842.95373535156,0.0448763743042946
"elephant",35.90873333,-3.42293333,536,69.9479064941406,154.749923706055,16,20.1833343505859,146,1,92.67236328125,218,4125.04052734375,0,0
"elephant",36.01981667,-3.46701667,537,71.3080139160156,149.001724243164,15.8000001907349,19.7666664123535,183,1,92.8636474609375,377,8535.2294921875,2612.67944335938,0.00833333376795053
"elephant",35.95528333,-3.55085,538,70.9090881347656,153.30451965332,16.5,20.4500007629395,154,1,91.8959197998047,325,9082.6142578125,1306.29138183594,0.0671854838728905
"elephant",35.97068333,-3.55283333,539,71.0101013183594,152.658279418945,16.5,20.3999996185303,156,1,92.6929168701172,328,9981.8740234375,2764.43334960938,0.0506896860897541
"elephant",35.97508333,-3.72431667,540,71.0813522338867,159.347030639648,16.7999992370605,20.216667175293,166,3,87.7168579101562,358,5391.3662109375,921.481079101562,0
"elephant",36.0453,-3.60521667,541,71.5483245849609,156.41520690918,16.8999996185303,20.2000007629395,154,1,92.6389312744141,234,5555.08984375,0,0
"elephant",36.05375,-3.51681667,542,71.3414688110352,152.046630859375,16.3999996185303,20.1833324432373,155,1,94.0375518798828,233,6667.005859375,0,0
"elephant",36.04743333,-3.88456667,543,71.3541641235352,156.275299072266,16,19.6499996185303,146,1,92.1536483764648,336,5851.0703125,1851.1025390625,0.0117851132526994
"elephant",36.06518333,-3.89383333,544,71.3836441040039,158.183334350586,15.9000005722046,19.7999992370605,147,1,92.1750259399414,334,3815.10400390625,921.484680175781,0
"elephant",35.98766667,-3.82065,545,71.3607635498047,155.818328857422,15.7999992370605,19.9833335876465,149,1,90.8879776000977,332,8517.7724609375,0,0.0117851132526994
"elephant",35.97663333,-3.79131667,546,70.8077621459961,157.933532714844,16.3000011444092,20.1333332061768,147,1,90.953254699707,325,5851.7822265625,0,0
"elephant",36.08065,-3.91256667,547,71.0691757202148,160,15.9000005722046,19.7333335876465,145,1,91.3270263671875,334,2067.73217773438,921.485229492188,0
"elephant",36.07723333,-4.02278333,548,71.4723968505859,160.18928527832,16.2999992370605,19.7999992370605,143,1,91.3910140991211,267,12900.8447265625,0,0
"elephant",36.05998333,-4.03055,549,71.3768081665039,159.094848632812,16.1000003814697,19.6000003814697,144,1,91.6370544433594,341,12121.4609375,921.487670898438,0
"elephant",36.01628333,-4.03041667,550,71.5277786254883,154.911376953125,15.6000003814697,19.5,146,1,92.0733642578125,347,13945.6669921875,3332.23657226562,0.00833333376795053
"elephant",36.06835,-3.98866667,551,71.1419830322266,161.261016845703,16.1999988555908,19.75,143,1,91.117301940918,334,9624.03515625,1305.97412109375,0
"elephant",36.1152,-3.9689,552,71.3836517333984,160.734573364258,15.8999996185303,19.3166656494141,151,1,92.7613754272461,347,7600.70556640625,2067.60131835938,0.0186339002102613
"elephant",36.13278333,-3.98461667,553,71.4360580444336,162.104400634766,15.9000005722046,19.25,147,1,92.0661468505859,272,9108.2490234375,0,0
"elephant",36.12601667,-3.97071667,554,71.4135055541992,160.217651367188,15.8000001907349,19.1833343505859,154,1,93.0691909790039,351,8249.17578125,921.486511230469,0.00833333376795053
"elephant",36.17083333,-3.9411,555,71.0721817016602,156.91813659668,15.7000007629395,19.216667175293,154,1,93.5056991577148,352,4135.3173828125,1306.00622558594,0
"elephant",36.16386667,-3.9034,556,70.8598709106445,157.111129760742,15.7000007629395,19.1833324432373,163,1,94.2291870117188,359,7209.87744140625,0,0
"elephant",36.18568333,-3.91598333,557,71.5277786254883,155.511749267578,15.5999994277954,18.9166660308838,161,1,92.9946136474609,277,4965.32666015625,2067.73217773438,0.00833333376795053
"elephant",36.14276667,-3.91286667,558,71.2365646362305,156.357086181641,15.4999990463257,18.966667175293,164,1,94.0237350463867,364,5629.10400390625,925.523986816406,0
"elephant",36.19145,-3.9704,559,71.443733215332,157.376693725586,15.6999998092651,19.1333332061768,153,1,92.5747299194336,353,2611.98046875,1305.98059082031,0.00833333376795053
"elephant",36.18243333,-3.96205,560,71.9017105102539,156.03515625,15.6000003814697,19.1833343505859,155,1,93.4253921508789,355,2925.33984375,1842.97290039062,0
"elephant",36.15508333,-3.92661667,561,71.3141021728516,157.140045166016,15.6000003814697,19.25,164,1,95.0469970703125,360,6203.0009765625,0,0
"elephant",35.95943333,-3.58158333,562,70.9839324951172,153.578536987305,16.6000003814697,20.4333343505859,152,1,91.1635513305664,322,7210.9453125,0,0.0589255653321743
"elephant",35.96275,-3.60346667,563,70.8333282470703,155.969604492188,16.8000011444092,20.4166660308838,152,1,91.0781478881836,323,5391.7666015625,921.478637695312,0.0416666679084301
"elephant",35.9719,-3.65936667,564,70.5165710449219,158.034210205078,17.1000003814697,20.3666667938232,145,1,90.3161010742188,319,2926.24829101562,0,0
"elephant",35.98296667,-3.58195,565,70.8835296630859,153.571136474609,16.6000003814697,20.3500003814697,153,1,91.018196105957,325,8497.5009765625,0,0.0424918308854103
"elephant",36.00393333,-3.60471667,566,70.8333358764648,156.357070922852,16.5999984741211,20.216667175293,151,1,90.8861923217773,233,5605.85107421875,0,0.0235702265053988
"elephant",36.04475,-3.56791667,567,71.5863494873047,155.180725097656,16.5999984741211,20.1000003814697,161,1,90.8873138427734,242,6666.7587890625,2612.54223632812,0.00833333376795053
"elephant",36.01145,-3.56706667,568,70.9839401245117,154.048873901367,16.5999984741211,20.283332824707,155,1,92.6245498657227,230,9398.982421875,0,0.00833333376795053
